,쥜,찘,홏,첲칲_촥쨡
1,A쥜,1,1,1 A쥜1찘 1
1,A쥜,1,2,1 A쥜1찘 2
1,A쥜,1,3,1 A쥜1찘 3
1,A쥜,1,4,1 A쥜1찘 4
1,A쥜,1,5,1 A쥜1찘 5
1,A쥜,1,6,1 A쥜1찘 6
1,A쥜,1,7,1 A쥜1찘 7
1,A쥜,1,8,1 A쥜1찘 8
1,A쥜,1,9,1 A쥜1찘 9
1,A쥜,2,1,1 A쥜2찘 1
1,A쥜,2,2,1 A쥜2찘 2
1,A쥜,2,3,1 A쥜2찘 3
1,A쥜,2,4,1 A쥜2찘 4
1,A쥜,2,5,1 A쥜2찘 5
1,A쥜,2,6,1 A쥜2찘 6
1,A쥜,2,7,1 A쥜2찘 7
1,A쥜,2,8,1 A쥜2찘 8
1,A쥜,2,9,1 A쥜2찘 9
1,A쥜,3,1,1 A쥜3찘 1
1,A쥜,3,2,1 A쥜3찘 2
1,A쥜,3,3,1 A쥜3찘 3
1,A쥜,3,4,1 A쥜3찘 4
1,A쥜,3,5,1 A쥜3찘 5
1,A쥜,3,6,1 A쥜3찘 6
1,A쥜,3,7,1 A쥜3찘 7
1,A쥜,3,8,1 A쥜3찘 8
1,A쥜,3,9,1 A쥜3찘 9
1,A쥜,4,1,1 A쥜4찘 1
1,A쥜,4,2,1 A쥜4찘 2
1,A쥜,4,3,1 A쥜4찘 3
1,A쥜,4,4,1 A쥜4찘 4
1,A쥜,4,5,1 A쥜4찘 5
1,A쥜,4,6,1 A쥜4찘 6
1,A쥜,4,7,1 A쥜4찘 7
1,A쥜,4,8,1 A쥜4찘 8
1,A쥜,4,9,1 A쥜4찘 9
1,A쥜,4,10,1 A쥜4찘 10
1,A쥜,5,1,1 A쥜5찘 1
1,A쥜,5,2,1 A쥜5찘 2
1,A쥜,5,3,1 A쥜5찘 3
1,A쥜,5,4,1 A쥜5찘 4
1,A쥜,5,5,1 A쥜5찘 5
1,A쥜,5,6,1 A쥜5찘 6
1,A쥜,5,7,1 A쥜5찘 7
1,A쥜,5,8,1 A쥜5찘 8
1,A쥜,5,9,1 A쥜5찘 9
1,A쥜,5,10,1 A쥜5찘 10
1,A쥜,6,1,1 A쥜6찘 1
1,A쥜,6,2,1 A쥜6찘 2
1,A쥜,6,3,1 A쥜6찘 3
1,A쥜,6,4,1 A쥜6찘 4
1,A쥜,6,5,1 A쥜6찘 5
1,A쥜,6,6,1 A쥜6찘 6
1,A쥜,6,7,1 A쥜6찘 7
1,A쥜,6,8,1 A쥜6찘 8
1,A쥜,6,9,1 A쥜6찘 9
1,A쥜,6,10,1 A쥜6찘 10
1,A쥜,7,1,1 A쥜7찘 1
1,A쥜,7,2,1 A쥜7찘 2
1,A쥜,7,3,1 A쥜7찘 3
1,A쥜,7,4,1 A쥜7찘 4
1,A쥜,7,5,1 A쥜7찘 5
1,A쥜,7,6,1 A쥜7찘 6
1,A쥜,7,7,1 A쥜7찘 7
1,A쥜,7,8,1 A쥜7찘 8
1,A쥜,7,9,1 A쥜7찘 9
1,A쥜,7,10,1 A쥜7찘 10
1,A쥜,8,1,1 A쥜8찘 1
1,A쥜,8,2,1 A쥜8찘 2
1,A쥜,8,3,1 A쥜8찘 3
1,A쥜,8,4,1 A쥜8찘 4
1,A쥜,8,5,1 A쥜8찘 5
1,A쥜,8,6,1 A쥜8찘 6
1,A쥜,8,7,1 A쥜8찘 7
1,A쥜,8,8,1 A쥜8찘 8
1,A쥜,8,9,1 A쥜8찘 9
1,A쥜,8,10,1 A쥜8찘 10
1,A쥜,8,11,1 A쥜8찘 11
1,A쥜,9,1,1 A쥜9찘 1
1,A쥜,9,2,1 A쥜9찘 2
1,A쥜,9,3,1 A쥜9찘 3
1,A쥜,9,4,1 A쥜9찘 4
1,A쥜,9,5,1 A쥜9찘 5
1,A쥜,9,6,1 A쥜9찘 6
1,A쥜,9,7,1 A쥜9찘 7
1,A쥜,9,8,1 A쥜9찘 8
1,A쥜,9,9,1 A쥜9찘 9
1,A쥜,9,10,1 A쥜9찘 10
1,A쥜,9,11,1 A쥜9찘 11
1,A쥜,10,1,1 A쥜10찘 1
1,A쥜,10,2,1 A쥜10찘 2
1,A쥜,10,3,1 A쥜10찘 3
1,A쥜,10,4,1 A쥜10찘 4
1,A쥜,10,5,1 A쥜10찘 5
1,A쥜,10,6,1 A쥜10찘 6
1,A쥜,10,7,1 A쥜10찘 7
1,A쥜,10,8,1 A쥜10찘 8
1,A쥜,10,9,1 A쥜10찘 9
1,A쥜,10,10,1 A쥜10찘 10
1,A쥜,10,11,1 A쥜10찘 11
1,A쥜,11,1,1 A쥜11찘 1
1,A쥜,11,2,1 A쥜11찘 2
1,A쥜,11,3,1 A쥜11찘 3
1,A쥜,11,4,1 A쥜11찘 4
1,A쥜,11,5,1 A쥜11찘 5
1,A쥜,11,6,1 A쥜11찘 6
1,A쥜,11,7,1 A쥜11찘 7
1,A쥜,11,8,1 A쥜11찘 8
1,A쥜,11,9,1 A쥜11찘 9
1,A쥜,11,10,1 A쥜11찘 10
1,A쥜,11,11,1 A쥜11찘 11
1,A쥜,12,1,1 A쥜12찘 1
1,A쥜,12,2,1 A쥜12찘 2
1,A쥜,12,3,1 A쥜12찘 3
1,A쥜,12,4,1 A쥜12찘 4
1,A쥜,12,5,1 A쥜12찘 5
1,A쥜,12,6,1 A쥜12찘 6
1,A쥜,12,7,1 A쥜12찘 7
1,A쥜,12,8,1 A쥜12찘 8
1,A쥜,12,9,1 A쥜12찘 9
1,A쥜,12,10,1 A쥜12찘 10
1,A쥜,12,11,1 A쥜12찘 11
1,A쥜,12,12,1 A쥜12찘 12
1,A쥜,13,1,1 A쥜13찘 1
1,A쥜,13,2,1 A쥜13찘 2
1,A쥜,13,3,1 A쥜13찘 3
1,A쥜,13,4,1 A쥜13찘 4
1,A쥜,13,5,1 A쥜13찘 5
1,A쥜,13,6,1 A쥜13찘 6
1,A쥜,13,7,1 A쥜13찘 7
1,A쥜,13,8,1 A쥜13찘 8
1,A쥜,13,9,1 A쥜13찘 9
1,A쥜,13,10,1 A쥜13찘 10
1,A쥜,13,11,1 A쥜13찘 11
1,A쥜,13,12,1 A쥜13찘 12
1,A쥜,15,1,1 A쥜15찘 1
1,A쥜,15,2,1 A쥜15찘 2
1,A쥜,15,3,1 A쥜15찘 3
1,A쥜,15,4,1 A쥜15찘 4
1,A쥜,15,5,1 A쥜15찘 5
1,A쥜,15,6,1 A쥜15찘 6
1,A쥜,15,7,1 A쥜15찘 7
1,A쥜,15,8,1 A쥜15찘 8
1,A쥜,15,9,1 A쥜15찘 9
1,A쥜,15,10,1 A쥜15찘 10
1,A쥜,15,11,1 A쥜15찘 11
1,A쥜,15,12,1 A쥜15찘 12
1,A쥜,16,1,1 A쥜16찘 1
1,A쥜,16,2,1 A쥜16찘 2
1,A쥜,16,3,1 A쥜16찘 3
1,A쥜,16,4,1 A쥜16찘 4
1,A쥜,16,5,1 A쥜16찘 5
1,A쥜,16,6,1 A쥜16찘 6
1,A쥜,16,7,1 A쥜16찘 7
1,A쥜,16,8,1 A쥜16찘 8
1,A쥜,16,9,1 A쥜16찘 9
1,A쥜,16,10,1 A쥜16찘 10
1,A쥜,16,11,1 A쥜16찘 11
1,A쥜,17,1,1 A쥜17찘 1
1,A쥜,17,2,1 A쥜17찘 2
1,A쥜,17,3,1 A쥜17찘 3
1,A쥜,17,4,1 A쥜17찘 4
1,A쥜,17,5,1 A쥜17찘 5
1,A쥜,17,6,1 A쥜17찘 6
1,A쥜,17,7,1 A쥜17찘 7
1,A쥜,17,8,1 A쥜17찘 8
1,A쥜,17,9,1 A쥜17찘 9
1,A쥜,17,10,1 A쥜17찘 10
1,A쥜,17,11,1 A쥜17찘 11
1,A쥜,18,1,1 A쥜18찘 1
1,A쥜,18,2,1 A쥜18찘 2
1,A쥜,18,3,1 A쥜18찘 3
1,A쥜,18,4,1 A쥜18찘 4
1,A쥜,18,5,1 A쥜18찘 5
1,A쥜,18,6,1 A쥜18찘 6
1,A쥜,18,7,1 A쥜18찘 7
1,A쥜,18,8,1 A쥜18찘 8
1,A쥜,18,9,1 A쥜18찘 9
1,A쥜,18,10,1 A쥜18찘 10
1,A쥜,19,1,1 A쥜19찘 1
1,A쥜,19,2,1 A쥜19찘 2
1,A쥜,19,3,1 A쥜19찘 3
1,A쥜,19,4,1 A쥜19찘 4
1,A쥜,19,5,1 A쥜19찘 5
1,A쥜,19,6,1 A쥜19찘 6
1,A쥜,19,7,1 A쥜19찘 7
1,A쥜,19,8,1 A쥜19찘 8
1,A쥜,19,9,1 A쥜19찘 9
1,A쥜,20,1,1 A쥜20찘 1
1,A쥜,20,2,1 A쥜20찘 2
1,A쥜,20,3,1 A쥜20찘 3
1,A쥜,20,4,1 A쥜20찘 4
1,A쥜,20,5,1 A쥜20찘 5
1,A쥜,20,6,1 A쥜20찘 6
1,A쥜,20,7,1 A쥜20찘 7
1,A쥜,20,8,1 A쥜20찘 8
1,A쥜,21,1,1 A쥜21찘 1
1,A쥜,21,2,1 A쥜21찘 2
1,A쥜,21,3,1 A쥜21찘 3
1,A쥜,21,4,1 A쥜21찘 4
1,A쥜,21,5,1 A쥜21찘 5
1,A쥜,21,6,1 A쥜21찘 6
1,A쥜,21,7,1 A쥜21찘 7
1,A쥜,22,1,1 A쥜22찘 1
1,A쥜,22,2,1 A쥜22찘 2
1,A쥜,22,3,1 A쥜22찘 3
1,A쥜,22,4,1 A쥜22찘 4
1,A쥜,22,5,1 A쥜22찘 5
1,A쥜,22,6,1 A쥜22찘 6
1,A쥜,22,7,1 A쥜22찘 7
1,B쥜,1,1,1 B쥜1찘 1
1,B쥜,1,2,1 B쥜1찘 2
1,B쥜,1,3,1 B쥜1찘 3
1,B쥜,1,4,1 B쥜1찘 4
1,B쥜,1,5,1 B쥜1찘 5
1,B쥜,1,6,1 B쥜1찘 6
1,B쥜,1,7,1 B쥜1찘 7
1,B쥜,1,8,1 B쥜1찘 8
1,B쥜,1,9,1 B쥜1찘 9
1,B쥜,2,1,1 B쥜2찘 1
1,B쥜,2,2,1 B쥜2찘 2
1,B쥜,2,3,1 B쥜2찘 3
1,B쥜,2,4,1 B쥜2찘 4
1,B쥜,2,5,1 B쥜2찘 5
1,B쥜,2,6,1 B쥜2찘 6
1,B쥜,2,7,1 B쥜2찘 7
1,B쥜,2,8,1 B쥜2찘 8
1,B쥜,2,9,1 B쥜2찘 9
1,B쥜,2,10,1 B쥜2찘 10
1,B쥜,3,1,1 B쥜3찘 1
1,B쥜,3,2,1 B쥜3찘 2
1,B쥜,3,3,1 B쥜3찘 3
1,B쥜,3,4,1 B쥜3찘 4
1,B쥜,3,5,1 B쥜3찘 5
1,B쥜,3,6,1 B쥜3찘 6
1,B쥜,3,7,1 B쥜3찘 7
1,B쥜,3,8,1 B쥜3찘 8
1,B쥜,3,9,1 B쥜3찘 9
1,B쥜,3,10,1 B쥜3찘 10
1,B쥜,4,1,1 B쥜4찘 1
1,B쥜,4,2,1 B쥜4찘 2
1,B쥜,4,3,1 B쥜4찘 3
1,B쥜,4,4,1 B쥜4찘 4
1,B쥜,4,5,1 B쥜4찘 5
1,B쥜,4,6,1 B쥜4찘 6
1,B쥜,4,7,1 B쥜4찘 7
1,B쥜,4,8,1 B쥜4찘 8
1,B쥜,4,9,1 B쥜4찘 9
1,B쥜,4,10,1 B쥜4찘 10
1,B쥜,5,1,1 B쥜5찘 1
1,B쥜,5,2,1 B쥜5찘 2
1,B쥜,5,3,1 B쥜5찘 3
1,B쥜,5,4,1 B쥜5찘 4
1,B쥜,5,5,1 B쥜5찘 5
1,B쥜,5,6,1 B쥜5찘 6
1,B쥜,5,7,1 B쥜5찘 7
1,B쥜,5,8,1 B쥜5찘 8
1,B쥜,5,9,1 B쥜5찘 9
1,B쥜,5,10,1 B쥜5찘 10
1,B쥜,6,1,1 B쥜6찘 1
1,B쥜,6,2,1 B쥜6찘 2
1,B쥜,6,3,1 B쥜6찘 3
1,B쥜,6,4,1 B쥜6찘 4
1,B쥜,6,5,1 B쥜6찘 5
1,B쥜,6,6,1 B쥜6찘 6
1,B쥜,6,7,1 B쥜6찘 7
1,B쥜,6,8,1 B쥜6찘 8
1,B쥜,6,9,1 B쥜6찘 9
1,B쥜,6,10,1 B쥜6찘 10
1,B쥜,6,11,1 B쥜6찘 11
1,B쥜,7,1,1 B쥜7찘 1
1,B쥜,7,2,1 B쥜7찘 2
1,B쥜,7,3,1 B쥜7찘 3
1,B쥜,7,4,1 B쥜7찘 4
1,B쥜,7,5,1 B쥜7찘 5
1,B쥜,7,6,1 B쥜7찘 6
1,B쥜,7,7,1 B쥜7찘 7
1,B쥜,7,8,1 B쥜7찘 8
1,B쥜,7,9,1 B쥜7찘 9
1,B쥜,7,10,1 B쥜7찘 10
1,B쥜,7,11,1 B쥜7찘 11
1,B쥜,8,1,1 B쥜8찘 1
1,B쥜,8,2,1 B쥜8찘 2
1,B쥜,8,3,1 B쥜8찘 3
1,B쥜,8,4,1 B쥜8찘 4
1,B쥜,8,5,1 B쥜8찘 5
1,B쥜,8,6,1 B쥜8찘 6
1,B쥜,8,7,1 B쥜8찘 7
1,B쥜,8,8,1 B쥜8찘 8
1,B쥜,8,9,1 B쥜8찘 9
1,B쥜,8,10,1 B쥜8찘 10
1,B쥜,8,11,1 B쥜8찘 11
1,B쥜,9,1,1 B쥜9찘 1
1,B쥜,9,2,1 B쥜9찘 2
1,B쥜,9,3,1 B쥜9찘 3
1,B쥜,9,4,1 B쥜9찘 4
1,B쥜,9,5,1 B쥜9찘 5
1,B쥜,9,6,1 B쥜9찘 6
1,B쥜,9,7,1 B쥜9찘 7
1,B쥜,9,8,1 B쥜9찘 8
1,B쥜,9,9,1 B쥜9찘 9
1,B쥜,9,10,1 B쥜9찘 10
1,B쥜,9,11,1 B쥜9찘 11
1,B쥜,10,1,1 B쥜10찘 1
1,B쥜,10,2,1 B쥜10찘 2
1,B쥜,10,3,1 B쥜10찘 3
1,B쥜,10,4,1 B쥜10찘 4
1,B쥜,10,5,1 B쥜10찘 5
1,B쥜,10,6,1 B쥜10찘 6
1,B쥜,10,7,1 B쥜10찘 7
1,B쥜,10,8,1 B쥜10찘 8
1,B쥜,10,9,1 B쥜10찘 9
1,B쥜,10,10,1 B쥜10찘 10
1,B쥜,10,11,1 B쥜10찘 11
1,B쥜,11,1,1 B쥜11찘 1
1,B쥜,11,2,1 B쥜11찘 2
1,B쥜,11,3,1 B쥜11찘 3
1,B쥜,11,4,1 B쥜11찘 4
1,B쥜,11,5,1 B쥜11찘 5
1,B쥜,11,6,1 B쥜11찘 6
1,B쥜,11,7,1 B쥜11찘 7
1,B쥜,11,8,1 B쥜11찘 8
1,B쥜,11,9,1 B쥜11찘 9
1,B쥜,11,10,1 B쥜11찘 10
1,B쥜,11,11,1 B쥜11찘 11
1,B쥜,11,12,1 B쥜11찘 12
1,B쥜,12,1,1 B쥜12찘 1
1,B쥜,12,2,1 B쥜12찘 2
1,B쥜,12,3,1 B쥜12찘 3
1,B쥜,12,4,1 B쥜12찘 4
1,B쥜,12,5,1 B쥜12찘 5
1,B쥜,12,6,1 B쥜12찘 6
1,B쥜,12,7,1 B쥜12찘 7
1,B쥜,12,8,1 B쥜12찘 8
1,B쥜,12,9,1 B쥜12찘 9
1,B쥜,12,10,1 B쥜12찘 10
1,B쥜,12,11,1 B쥜12찘 11
1,B쥜,12,12,1 B쥜12찘 12
1,B쥜,13,1,1 B쥜13찘 1
1,B쥜,13,2,1 B쥜13찘 2
1,B쥜,13,3,1 B쥜13찘 3
1,B쥜,13,4,1 B쥜13찘 4
1,B쥜,13,5,1 B쥜13찘 5
1,B쥜,13,6,1 B쥜13찘 6
1,B쥜,13,7,1 B쥜13찘 7
1,B쥜,13,8,1 B쥜13찘 8
1,B쥜,13,9,1 B쥜13찘 9
1,B쥜,13,10,1 B쥜13찘 10
1,B쥜,13,11,1 B쥜13찘 11
1,B쥜,13,12,1 B쥜13찘 12
1,B쥜,14,1,1 B쥜14찘 1
1,B쥜,14,2,1 B쥜14찘 2
1,B쥜,14,3,1 B쥜14찘 3
1,B쥜,14,4,1 B쥜14찘 4
1,B쥜,14,5,1 B쥜14찘 5
1,B쥜,14,6,1 B쥜14찘 6
1,B쥜,14,7,1 B쥜14찘 7
1,B쥜,14,8,1 B쥜14찘 8
1,B쥜,14,9,1 B쥜14찘 9
1,B쥜,14,10,1 B쥜14찘 10
1,B쥜,14,11,1 B쥜14찘 11
1,B쥜,14,12,1 B쥜14찘 12
1,B쥜,15,1,1 B쥜15찘 1
1,B쥜,15,2,1 B쥜15찘 2
1,B쥜,15,3,1 B쥜15찘 3
1,B쥜,15,4,1 B쥜15찘 4
1,B쥜,15,5,1 B쥜15찘 5
1,B쥜,15,6,1 B쥜15찘 6
1,B쥜,15,7,1 B쥜15찘 7
1,B쥜,15,8,1 B쥜15찘 8
1,B쥜,15,9,1 B쥜15찘 9
1,B쥜,15,10,1 B쥜15찘 10
1,B쥜,15,11,1 B쥜15찘 11
1,B쥜,15,12,1 B쥜15찘 12
1,B쥜,15,13,1 B쥜15찘 13
1,B쥜,16,1,1 B쥜16찘 1
1,B쥜,16,2,1 B쥜16찘 2
1,B쥜,16,3,1 B쥜16찘 3
1,B쥜,16,4,1 B쥜16찘 4
1,B쥜,16,5,1 B쥜16찘 5
1,B쥜,16,6,1 B쥜16찘 6
1,B쥜,16,7,1 B쥜16찘 7
1,B쥜,16,8,1 B쥜16찘 8
1,B쥜,16,9,1 B쥜16찘 9
1,B쥜,16,10,1 B쥜16찘 10
1,B쥜,16,11,1 B쥜16찘 11
1,B쥜,16,12,1 B쥜16찘 12
1,B쥜,16,13,1 B쥜16찘 13
1,B쥜,17,1,1 B쥜17찘 1
1,B쥜,17,2,1 B쥜17찘 2
1,B쥜,17,3,1 B쥜17찘 3
1,B쥜,17,4,1 B쥜17찘 4
1,B쥜,17,5,1 B쥜17찘 5
1,B쥜,17,6,1 B쥜17찘 6
1,B쥜,17,7,1 B쥜17찘 7
1,B쥜,17,8,1 B쥜17찘 8
1,B쥜,17,9,1 B쥜17찘 9
1,B쥜,17,10,1 B쥜17찘 10
1,B쥜,17,11,1 B쥜17찘 11
1,B쥜,17,12,1 B쥜17찘 12
1,B쥜,17,13,1 B쥜17찘 13
1,B쥜,18,1,1 B쥜18찘 1
1,B쥜,18,2,1 B쥜18찘 2
1,B쥜,18,3,1 B쥜18찘 3
1,B쥜,18,4,1 B쥜18찘 4
1,B쥜,18,5,1 B쥜18찘 5
1,B쥜,18,6,1 B쥜18찘 6
1,B쥜,18,7,1 B쥜18찘 7
1,B쥜,18,8,1 B쥜18찘 8
1,B쥜,18,9,1 B쥜18찘 9
1,B쥜,18,10,1 B쥜18찘 10
1,B쥜,18,11,1 B쥜18찘 11
1,B쥜,18,12,1 B쥜18찘 12
1,B쥜,18,13,1 B쥜18찘 13
1,B쥜,19,1,1 B쥜19찘 1
1,B쥜,19,2,1 B쥜19찘 2
1,B쥜,19,3,1 B쥜19찘 3
1,B쥜,19,4,1 B쥜19찘 4
1,B쥜,19,5,1 B쥜19찘 5
1,B쥜,19,6,1 B쥜19찘 6
1,B쥜,19,7,1 B쥜19찘 7
1,B쥜,19,8,1 B쥜19찘 8
1,B쥜,19,9,1 B쥜19찘 9
1,B쥜,19,10,1 B쥜19찘 10
1,B쥜,19,11,1 B쥜19찘 11
1,B쥜,19,12,1 B쥜19찘 12
1,B쥜,19,13,1 B쥜19찘 13
1,B쥜,19,14,1 B쥜19찘 14
1,B쥜,20,1,1 B쥜20찘 1
1,B쥜,20,2,1 B쥜20찘 2
1,B쥜,20,3,1 B쥜20찘 3
1,B쥜,20,4,1 B쥜20찘 4
1,B쥜,20,5,1 B쥜20찘 5
1,B쥜,20,6,1 B쥜20찘 6
1,B쥜,20,7,1 B쥜20찘 7
1,B쥜,20,8,1 B쥜20찘 8
1,B쥜,20,9,1 B쥜20찘 9
1,B쥜,20,10,1 B쥜20찘 10
1,B쥜,20,11,1 B쥜20찘 11
1,B쥜,20,12,1 B쥜20찘 12
1,B쥜,20,13,1 B쥜20찘 13
1,B쥜,20,14,1 B쥜20찘 14
1,B쥜,21,1,1 B쥜21찘 1
1,B쥜,21,2,1 B쥜21찘 2
1,B쥜,21,3,1 B쥜21찘 3
1,B쥜,21,4,1 B쥜21찘 4
1,B쥜,21,5,1 B쥜21찘 5
1,B쥜,21,6,1 B쥜21찘 6
1,B쥜,21,7,1 B쥜21찘 7
1,B쥜,21,8,1 B쥜21찘 8
1,B쥜,21,9,1 B쥜21찘 9
1,B쥜,21,10,1 B쥜21찘 10
1,B쥜,21,11,1 B쥜21찘 11
1,B쥜,21,12,1 B쥜21찘 12
1,B쥜,21,13,1 B쥜21찘 13
1,B쥜,21,14,1 B쥜21찘 14
1,B쥜,22,1,1 B쥜22찘 1
1,B쥜,22,2,1 B쥜22찘 2
1,B쥜,22,3,1 B쥜22찘 3
1,B쥜,22,4,1 B쥜22찘 4
1,B쥜,22,5,1 B쥜22찘 5
1,B쥜,22,6,1 B쥜22찘 6
1,B쥜,22,7,1 B쥜22찘 7
1,B쥜,22,8,1 B쥜22찘 8
1,B쥜,22,9,1 B쥜22찘 9
1,B쥜,22,10,1 B쥜22찘 10
1,B쥜,22,11,1 B쥜22찘 11
1,B쥜,22,12,1 B쥜22찘 12
1,B쥜,22,13,1 B쥜22찘 13
1,B쥜,22,14,1 B쥜22찘 14
1,C쥜,1,1,1 C쥜1찘 1
1,C쥜,1,2,1 C쥜1찘 2
1,C쥜,1,3,1 C쥜1찘 3
1,C쥜,1,4,1 C쥜1찘 4
1,C쥜,1,5,1 C쥜1찘 5
1,C쥜,1,6,1 C쥜1찘 6
1,C쥜,1,7,1 C쥜1찘 7
1,C쥜,1,8,1 C쥜1찘 8
1,C쥜,1,9,1 C쥜1찘 9
1,C쥜,1,10,1 C쥜1찘 10
1,C쥜,1,11,1 C쥜1찘 11
1,C쥜,1,12,1 C쥜1찘 12
1,C쥜,2,1,1 C쥜2찘 1
1,C쥜,2,2,1 C쥜2찘 2
1,C쥜,2,3,1 C쥜2찘 3
1,C쥜,2,4,1 C쥜2찘 4
1,C쥜,2,5,1 C쥜2찘 5
1,C쥜,2,6,1 C쥜2찘 6
1,C쥜,2,7,1 C쥜2찘 7
1,C쥜,2,8,1 C쥜2찘 8
1,C쥜,2,9,1 C쥜2찘 9
1,C쥜,2,10,1 C쥜2찘 10
1,C쥜,2,11,1 C쥜2찘 11
1,C쥜,2,12,1 C쥜2찘 12
1,C쥜,3,1,1 C쥜3찘 1
1,C쥜,3,2,1 C쥜3찘 2
1,C쥜,3,3,1 C쥜3찘 3
1,C쥜,3,4,1 C쥜3찘 4
1,C쥜,3,5,1 C쥜3찘 5
1,C쥜,3,6,1 C쥜3찘 6
1,C쥜,3,7,1 C쥜3찘 7
1,C쥜,3,8,1 C쥜3찘 8
1,C쥜,3,9,1 C쥜3찘 9
1,C쥜,3,10,1 C쥜3찘 10
1,C쥜,3,11,1 C쥜3찘 11
1,C쥜,3,12,1 C쥜3찘 12
1,C쥜,4,1,1 C쥜4찘 1
1,C쥜,4,2,1 C쥜4찘 2
1,C쥜,4,3,1 C쥜4찘 3
1,C쥜,4,4,1 C쥜4찘 4
1,C쥜,4,5,1 C쥜4찘 5
1,C쥜,4,6,1 C쥜4찘 6
1,C쥜,4,7,1 C쥜4찘 7
1,C쥜,4,8,1 C쥜4찘 8
1,C쥜,4,9,1 C쥜4찘 9
1,C쥜,4,10,1 C쥜4찘 10
1,C쥜,4,11,1 C쥜4찘 11
1,C쥜,4,12,1 C쥜4찘 12
1,C쥜,5,1,1 C쥜5찘 1
1,C쥜,5,2,1 C쥜5찘 2
1,C쥜,5,3,1 C쥜5찘 3
1,C쥜,5,4,1 C쥜5찘 4
1,C쥜,5,5,1 C쥜5찘 5
1,C쥜,5,6,1 C쥜5찘 6
1,C쥜,5,7,1 C쥜5찘 7
1,C쥜,5,8,1 C쥜5찘 8
1,C쥜,5,9,1 C쥜5찘 9
1,C쥜,5,10,1 C쥜5찘 10
1,C쥜,5,11,1 C쥜5찘 11
1,C쥜,5,12,1 C쥜5찘 12
1,C쥜,6,1,1 C쥜6찘 1
1,C쥜,6,2,1 C쥜6찘 2
1,C쥜,6,3,1 C쥜6찘 3
1,C쥜,6,4,1 C쥜6찘 4
1,C쥜,6,5,1 C쥜6찘 5
1,C쥜,6,6,1 C쥜6찘 6
1,C쥜,6,7,1 C쥜6찘 7
1,C쥜,6,8,1 C쥜6찘 8
1,C쥜,6,9,1 C쥜6찘 9
1,C쥜,6,10,1 C쥜6찘 10
1,C쥜,6,11,1 C쥜6찘 11
1,C쥜,6,12,1 C쥜6찘 12
1,C쥜,6,13,1 C쥜6찘 13
1,C쥜,7,1,1 C쥜7찘 1
1,C쥜,7,2,1 C쥜7찘 2
1,C쥜,7,3,1 C쥜7찘 3
1,C쥜,7,4,1 C쥜7찘 4
1,C쥜,7,5,1 C쥜7찘 5
1,C쥜,7,6,1 C쥜7찘 6
1,C쥜,7,7,1 C쥜7찘 7
1,C쥜,7,8,1 C쥜7찘 8
1,C쥜,7,9,1 C쥜7찘 9
1,C쥜,7,10,1 C쥜7찘 10
1,C쥜,7,11,1 C쥜7찘 11
1,C쥜,7,12,1 C쥜7찘 12
1,C쥜,7,13,1 C쥜7찘 13
1,C쥜,8,1,1 C쥜8찘 1
1,C쥜,8,2,1 C쥜8찘 2
1,C쥜,8,3,1 C쥜8찘 3
1,C쥜,8,4,1 C쥜8찘 4
1,C쥜,8,5,1 C쥜8찘 5
1,C쥜,8,6,1 C쥜8찘 6
1,C쥜,8,7,1 C쥜8찘 7
1,C쥜,8,8,1 C쥜8찘 8
1,C쥜,8,9,1 C쥜8찘 9
1,C쥜,8,10,1 C쥜8찘 10
1,C쥜,8,11,1 C쥜8찘 11
1,C쥜,8,12,1 C쥜8찘 12
1,C쥜,8,13,1 C쥜8찘 13
1,C쥜,9,1,1 C쥜9찘 1
1,C쥜,9,2,1 C쥜9찘 2
1,C쥜,9,3,1 C쥜9찘 3
1,C쥜,9,4,1 C쥜9찘 4
1,C쥜,9,5,1 C쥜9찘 5
1,C쥜,9,6,1 C쥜9찘 6
1,C쥜,9,7,1 C쥜9찘 7
1,C쥜,9,8,1 C쥜9찘 8
1,C쥜,9,9,1 C쥜9찘 9
1,C쥜,9,10,1 C쥜9찘 10
1,C쥜,9,11,1 C쥜9찘 11
1,C쥜,9,12,1 C쥜9찘 12
1,C쥜,9,13,1 C쥜9찘 13
1,C쥜,10,1,1 C쥜10찘 1
1,C쥜,10,2,1 C쥜10찘 2
1,C쥜,10,3,1 C쥜10찘 3
1,C쥜,10,4,1 C쥜10찘 4
1,C쥜,10,5,1 C쥜10찘 5
1,C쥜,10,6,1 C쥜10찘 6
1,C쥜,10,7,1 C쥜10찘 7
1,C쥜,10,8,1 C쥜10찘 8
1,C쥜,10,9,1 C쥜10찘 9
1,C쥜,10,10,1 C쥜10찘 10
1,C쥜,10,11,1 C쥜10찘 11
1,C쥜,10,12,1 C쥜10찘 12
1,C쥜,10,13,1 C쥜10찘 13
1,C쥜,11,1,1 C쥜11찘 1
1,C쥜,11,2,1 C쥜11찘 2
1,C쥜,11,3,1 C쥜11찘 3
1,C쥜,11,4,1 C쥜11찘 4
1,C쥜,11,5,1 C쥜11찘 5
1,C쥜,11,6,1 C쥜11찘 6
1,C쥜,11,7,1 C쥜11찘 7
1,C쥜,11,8,1 C쥜11찘 8
1,C쥜,11,9,1 C쥜11찘 9
1,C쥜,11,10,1 C쥜11찘 10
1,C쥜,11,11,1 C쥜11찘 11
1,C쥜,11,12,1 C쥜11찘 12
1,C쥜,11,13,1 C쥜11찘 13
1,C쥜,11,14,1 C쥜11찘 14
1,C쥜,12,1,1 C쥜12찘 1
1,C쥜,12,2,1 C쥜12찘 2
1,C쥜,12,3,1 C쥜12찘 3
1,C쥜,12,4,1 C쥜12찘 4
1,C쥜,12,5,1 C쥜12찘 5
1,C쥜,12,6,1 C쥜12찘 6
1,C쥜,12,7,1 C쥜12찘 7
1,C쥜,12,8,1 C쥜12찘 8
1,C쥜,12,9,1 C쥜12찘 9
1,C쥜,12,10,1 C쥜12찘 10
1,C쥜,12,11,1 C쥜12찘 11
1,C쥜,12,12,1 C쥜12찘 12
1,C쥜,12,13,1 C쥜12찘 13
1,C쥜,12,14,1 C쥜12찘 14
1,C쥜,13,1,1 C쥜13찘 1
1,C쥜,13,2,1 C쥜13찘 2
1,C쥜,13,3,1 C쥜13찘 3
1,C쥜,13,4,1 C쥜13찘 4
1,C쥜,13,5,1 C쥜13찘 5
1,C쥜,13,6,1 C쥜13찘 6
1,C쥜,13,7,1 C쥜13찘 7
1,C쥜,13,8,1 C쥜13찘 8
1,C쥜,13,9,1 C쥜13찘 9
1,C쥜,13,10,1 C쥜13찘 10
1,C쥜,13,11,1 C쥜13찘 11
1,C쥜,13,12,1 C쥜13찘 12
1,C쥜,13,13,1 C쥜13찘 13
1,C쥜,13,14,1 C쥜13찘 14
1,C쥜,14,1,1 C쥜14찘 1
1,C쥜,14,2,1 C쥜14찘 2
1,C쥜,14,3,1 C쥜14찘 3
1,C쥜,14,4,1 C쥜14찘 4
1,C쥜,14,5,1 C쥜14찘 5
1,C쥜,14,6,1 C쥜14찘 6
1,C쥜,14,7,1 C쥜14찘 7
1,C쥜,14,8,1 C쥜14찘 8
1,C쥜,14,9,1 C쥜14찘 9
1,C쥜,14,10,1 C쥜14찘 10
1,C쥜,14,11,1 C쥜14찘 11
1,C쥜,14,12,1 C쥜14찘 12
1,C쥜,14,13,1 C쥜14찘 13
1,C쥜,14,14,1 C쥜14찘 14
1,C쥜,15,1,1 C쥜15찘 1
1,C쥜,15,2,1 C쥜15찘 2
1,C쥜,15,3,1 C쥜15찘 3
1,C쥜,15,4,1 C쥜15찘 4
1,C쥜,15,5,1 C쥜15찘 5
1,C쥜,15,6,1 C쥜15찘 6
1,C쥜,15,7,1 C쥜15찘 7
1,C쥜,15,8,1 C쥜15찘 8
1,C쥜,15,9,1 C쥜15찘 9
1,C쥜,15,10,1 C쥜15찘 10
1,C쥜,15,11,1 C쥜15찘 11
1,C쥜,15,12,1 C쥜15찘 12
1,C쥜,15,13,1 C쥜15찘 13
1,C쥜,15,14,1 C쥜15찘 14
1,C쥜,16,1,1 C쥜16찘 1
1,C쥜,16,2,1 C쥜16찘 2
1,C쥜,16,3,1 C쥜16찘 3
1,C쥜,16,4,1 C쥜16찘 4
1,C쥜,16,5,1 C쥜16찘 5
1,C쥜,16,6,1 C쥜16찘 6
1,C쥜,16,7,1 C쥜16찘 7
1,C쥜,16,8,1 C쥜16찘 8
1,C쥜,16,9,1 C쥜16찘 9
1,C쥜,16,10,1 C쥜16찘 10
1,C쥜,16,11,1 C쥜16찘 11
1,C쥜,16,12,1 C쥜16찘 12
1,C쥜,16,13,1 C쥜16찘 13
1,C쥜,16,14,1 C쥜16찘 14
1,C쥜,16,15,1 C쥜16찘 15
1,C쥜,17,1,1 C쥜17찘 1
1,C쥜,17,2,1 C쥜17찘 2
1,C쥜,17,3,1 C쥜17찘 3
1,C쥜,17,4,1 C쥜17찘 4
1,C쥜,17,5,1 C쥜17찘 5
1,C쥜,17,6,1 C쥜17찘 6
1,C쥜,17,7,1 C쥜17찘 7
1,C쥜,17,8,1 C쥜17찘 8
1,C쥜,17,9,1 C쥜17찘 9
1,C쥜,17,10,1 C쥜17찘 10
1,C쥜,17,11,1 C쥜17찘 11
1,C쥜,17,12,1 C쥜17찘 12
1,C쥜,17,13,1 C쥜17찘 13
1,C쥜,17,14,1 C쥜17찘 14
1,C쥜,17,15,1 C쥜17찘 15
1,C쥜,18,1,1 C쥜18찘 1
1,C쥜,18,2,1 C쥜18찘 2
1,C쥜,18,3,1 C쥜18찘 3
1,C쥜,18,4,1 C쥜18찘 4
1,C쥜,18,5,1 C쥜18찘 5
1,C쥜,18,6,1 C쥜18찘 6
1,C쥜,18,7,1 C쥜18찘 7
1,C쥜,18,8,1 C쥜18찘 8
1,C쥜,18,9,1 C쥜18찘 9
1,C쥜,18,10,1 C쥜18찘 10
1,C쥜,18,11,1 C쥜18찘 11
1,C쥜,18,12,1 C쥜18찘 12
1,C쥜,18,13,1 C쥜18찘 13
1,C쥜,18,14,1 C쥜18찘 14
1,C쥜,18,15,1 C쥜18찘 15
1,C쥜,19,1,1 C쥜19찘 1
1,C쥜,19,2,1 C쥜19찘 2
1,C쥜,19,3,1 C쥜19찘 3
1,C쥜,19,4,1 C쥜19찘 4
1,C쥜,19,5,1 C쥜19찘 5
1,C쥜,19,6,1 C쥜19찘 6
1,C쥜,19,7,1 C쥜19찘 7
1,C쥜,19,8,1 C쥜19찘 8
1,C쥜,19,9,1 C쥜19찘 9
1,C쥜,19,10,1 C쥜19찘 10
1,C쥜,19,11,1 C쥜19찘 11
1,C쥜,19,12,1 C쥜19찘 12
1,C쥜,19,13,1 C쥜19찘 13
1,C쥜,19,14,1 C쥜19찘 14
1,C쥜,19,15,1 C쥜19찘 15
1,C쥜,20,1,1 C쥜20찘 1
1,C쥜,20,2,1 C쥜20찘 2
1,C쥜,20,3,1 C쥜20찘 3
1,C쥜,20,4,1 C쥜20찘 4
1,C쥜,20,5,1 C쥜20찘 5
1,C쥜,20,6,1 C쥜20찘 6
1,C쥜,20,7,1 C쥜20찘 7
1,C쥜,20,8,1 C쥜20찘 8
1,C쥜,20,9,1 C쥜20찘 9
1,C쥜,20,10,1 C쥜20찘 10
1,C쥜,20,11,1 C쥜20찘 11
1,C쥜,20,12,1 C쥜20찘 12
1,C쥜,20,13,1 C쥜20찘 13
1,C쥜,20,14,1 C쥜20찘 14
1,C쥜,20,15,1 C쥜20찘 15
1,C쥜,21,1,1 C쥜21찘 1
1,C쥜,21,2,1 C쥜21찘 2
1,C쥜,21,3,1 C쥜21찘 3
1,C쥜,21,4,1 C쥜21찘 4
1,C쥜,21,5,1 C쥜21찘 5
1,C쥜,21,6,1 C쥜21찘 6
1,C쥜,21,7,1 C쥜21찘 7
1,C쥜,21,8,1 C쥜21찘 8
1,C쥜,21,9,1 C쥜21찘 9
1,C쥜,21,10,1 C쥜21찘 10
1,C쥜,21,11,1 C쥜21찘 11
1,C쥜,21,12,1 C쥜21찘 12
1,C쥜,21,13,1 C쥜21찘 13
1,C쥜,21,14,1 C쥜21찘 14
1,C쥜,21,15,1 C쥜21찘 15
1,C쥜,21,16,1 C쥜21찘 16
1,C쥜,22,1,1 C쥜22찘 1
2,C쥜,22,2,1 C쥜22찘 2
3,C쥜,22,3,1 C쥜22찘 3
4,C쥜,22,4,1 C쥜22찘 4
5,C쥜,22,5,1 C쥜22찘 5
6,C쥜,22,6,1 C쥜22찘 6
7,C쥜,22,7,1 C쥜22찘 7
8,C쥜,22,8,1 C쥜22찘 8
1,D쥜,1,1,1 D쥜1찘 1
1,D쥜,1,2,1 D쥜1찘 2
1,D쥜,1,3,1 D쥜1찘 3
1,D쥜,1,4,1 D쥜1찘 4
1,D쥜,1,5,1 D쥜1찘 5
1,D쥜,1,6,1 D쥜1찘 6
1,D쥜,1,7,1 D쥜1찘 7
1,D쥜,1,8,1 D쥜1찘 8
1,D쥜,1,9,1 D쥜1찘 9
1,D쥜,2,1,1 D쥜2찘 1
1,D쥜,2,2,1 D쥜2찘 2
1,D쥜,2,3,1 D쥜2찘 3
1,D쥜,2,4,1 D쥜2찘 4
1,D쥜,2,5,1 D쥜2찘 5
1,D쥜,2,6,1 D쥜2찘 6
1,D쥜,2,7,1 D쥜2찘 7
1,D쥜,2,8,1 D쥜2찘 8
1,D쥜,2,9,1 D쥜2찘 9
1,D쥜,2,10,1 D쥜2찘 10
1,D쥜,3,1,1 D쥜3찘 1
1,D쥜,3,2,1 D쥜3찘 2
1,D쥜,3,3,1 D쥜3찘 3
1,D쥜,3,4,1 D쥜3찘 4
1,D쥜,3,5,1 D쥜3찘 5
1,D쥜,3,6,1 D쥜3찘 6
1,D쥜,3,7,1 D쥜3찘 7
1,D쥜,3,8,1 D쥜3찘 8
1,D쥜,3,9,1 D쥜3찘 9
1,D쥜,3,10,1 D쥜3찘 10
1,D쥜,4,1,1 D쥜4찘 1
1,D쥜,4,2,1 D쥜4찘 2
1,D쥜,4,3,1 D쥜4찘 3
1,D쥜,4,4,1 D쥜4찘 4
1,D쥜,4,5,1 D쥜4찘 5
1,D쥜,4,6,1 D쥜4찘 6
1,D쥜,4,7,1 D쥜4찘 7
1,D쥜,4,8,1 D쥜4찘 8
1,D쥜,4,9,1 D쥜4찘 9
1,D쥜,4,10,1 D쥜4찘 10
1,D쥜,5,1,1 D쥜5찘 1
1,D쥜,5,2,1 D쥜5찘 2
1,D쥜,5,3,1 D쥜5찘 3
1,D쥜,5,4,1 D쥜5찘 4
1,D쥜,5,5,1 D쥜5찘 5
1,D쥜,5,6,1 D쥜5찘 6
1,D쥜,5,7,1 D쥜5찘 7
1,D쥜,5,8,1 D쥜5찘 8
1,D쥜,5,9,1 D쥜5찘 9
1,D쥜,5,10,1 D쥜5찘 10
1,D쥜,6,1,1 D쥜6찘 1
1,D쥜,6,2,1 D쥜6찘 2
1,D쥜,6,3,1 D쥜6찘 3
1,D쥜,6,4,1 D쥜6찘 4
1,D쥜,6,5,1 D쥜6찘 5
1,D쥜,6,6,1 D쥜6찘 6
1,D쥜,6,7,1 D쥜6찘 7
1,D쥜,6,8,1 D쥜6찘 8
1,D쥜,6,9,1 D쥜6찘 9
1,D쥜,6,10,1 D쥜6찘 10
1,D쥜,6,11,1 D쥜6찘 11
1,D쥜,7,1,1 D쥜7찘 1
1,D쥜,7,2,1 D쥜7찘 2
1,D쥜,7,3,1 D쥜7찘 3
1,D쥜,7,4,1 D쥜7찘 4
1,D쥜,7,5,1 D쥜7찘 5
1,D쥜,7,6,1 D쥜7찘 6
1,D쥜,7,7,1 D쥜7찘 7
1,D쥜,7,8,1 D쥜7찘 8
1,D쥜,7,9,1 D쥜7찘 9
1,D쥜,7,10,1 D쥜7찘 10
1,D쥜,7,11,1 D쥜7찘 11
1,D쥜,8,1,1 D쥜8찘 1
1,D쥜,8,2,1 D쥜8찘 2
1,D쥜,8,3,1 D쥜8찘 3
1,D쥜,8,4,1 D쥜8찘 4
1,D쥜,8,5,1 D쥜8찘 5
1,D쥜,8,6,1 D쥜8찘 6
1,D쥜,8,7,1 D쥜8찘 7
1,D쥜,8,8,1 D쥜8찘 8
1,D쥜,8,9,1 D쥜8찘 9
1,D쥜,8,10,1 D쥜8찘 10
1,D쥜,8,11,1 D쥜8찘 11
1,D쥜,9,1,1 D쥜9찘 1
1,D쥜,9,2,1 D쥜9찘 2
1,D쥜,9,3,1 D쥜9찘 3
1,D쥜,9,4,1 D쥜9찘 4
1,D쥜,9,5,1 D쥜9찘 5
1,D쥜,9,6,1 D쥜9찘 6
1,D쥜,9,7,1 D쥜9찘 7
1,D쥜,9,8,1 D쥜9찘 8
1,D쥜,9,9,1 D쥜9찘 9
1,D쥜,9,10,1 D쥜9찘 10
1,D쥜,9,11,1 D쥜9찘 11
1,D쥜,10,1,1 D쥜10찘 1
1,D쥜,10,2,1 D쥜10찘 2
1,D쥜,10,3,1 D쥜10찘 3
1,D쥜,10,4,1 D쥜10찘 4
1,D쥜,10,5,1 D쥜10찘 5
1,D쥜,10,6,1 D쥜10찘 6
1,D쥜,10,7,1 D쥜10찘 7
1,D쥜,10,8,1 D쥜10찘 8
1,D쥜,10,9,1 D쥜10찘 9
1,D쥜,10,10,1 D쥜10찘 10
1,D쥜,10,11,1 D쥜10찘 11
1,D쥜,11,1,1 D쥜11찘 1
1,D쥜,11,2,1 D쥜11찘 2
1,D쥜,11,3,1 D쥜11찘 3
1,D쥜,11,4,1 D쥜11찘 4
1,D쥜,11,5,1 D쥜11찘 5
1,D쥜,11,6,1 D쥜11찘 6
1,D쥜,11,7,1 D쥜11찘 7
1,D쥜,11,8,1 D쥜11찘 8
1,D쥜,11,9,1 D쥜11찘 9
1,D쥜,11,10,1 D쥜11찘 10
1,D쥜,11,11,1 D쥜11찘 11
1,D쥜,11,12,1 D쥜11찘 12
1,D쥜,12,1,1 D쥜12찘 1
1,D쥜,12,2,1 D쥜12찘 2
1,D쥜,12,3,1 D쥜12찘 3
1,D쥜,12,4,1 D쥜12찘 4
1,D쥜,12,5,1 D쥜12찘 5
1,D쥜,12,6,1 D쥜12찘 6
1,D쥜,12,7,1 D쥜12찘 7
1,D쥜,12,8,1 D쥜12찘 8
1,D쥜,12,9,1 D쥜12찘 9
1,D쥜,12,10,1 D쥜12찘 10
1,D쥜,12,11,1 D쥜12찘 11
1,D쥜,12,12,1 D쥜12찘 12
1,D쥜,13,1,1 D쥜13찘 1
1,D쥜,13,2,1 D쥜13찘 2
1,D쥜,13,3,1 D쥜13찘 3
1,D쥜,13,4,1 D쥜13찘 4
1,D쥜,13,5,1 D쥜13찘 5
1,D쥜,13,6,1 D쥜13찘 6
1,D쥜,13,7,1 D쥜13찘 7
1,D쥜,13,8,1 D쥜13찘 8
1,D쥜,13,9,1 D쥜13찘 9
1,D쥜,13,10,1 D쥜13찘 10
1,D쥜,13,11,1 D쥜13찘 11
1,D쥜,13,12,1 D쥜13찘 12
1,D쥜,14,1,1 D쥜14찘 1
1,D쥜,14,2,1 D쥜14찘 2
1,D쥜,14,3,1 D쥜14찘 3
1,D쥜,14,4,1 D쥜14찘 4
1,D쥜,14,5,1 D쥜14찘 5
1,D쥜,14,6,1 D쥜14찘 6
1,D쥜,14,7,1 D쥜14찘 7
1,D쥜,14,8,1 D쥜14찘 8
1,D쥜,14,9,1 D쥜14찘 9
1,D쥜,14,10,1 D쥜14찘 10
1,D쥜,14,11,1 D쥜14찘 11
1,D쥜,14,12,1 D쥜14찘 12
1,D쥜,15,1,1 D쥜15찘 1
1,D쥜,15,2,1 D쥜15찘 2
1,D쥜,15,3,1 D쥜15찘 3
1,D쥜,15,4,1 D쥜15찘 4
1,D쥜,15,5,1 D쥜15찘 5
1,D쥜,15,6,1 D쥜15찘 6
1,D쥜,15,7,1 D쥜15찘 7
1,D쥜,15,8,1 D쥜15찘 8
1,D쥜,15,9,1 D쥜15찘 9
1,D쥜,15,10,1 D쥜15찘 10
1,D쥜,15,11,1 D쥜15찘 11
1,D쥜,15,12,1 D쥜15찘 12
1,D쥜,15,13,1 D쥜15찘 13
1,D쥜,16,1,1 D쥜16찘 1
1,D쥜,16,2,1 D쥜16찘 2
1,D쥜,16,3,1 D쥜16찘 3
1,D쥜,16,4,1 D쥜16찘 4
1,D쥜,16,5,1 D쥜16찘 5
1,D쥜,16,6,1 D쥜16찘 6
1,D쥜,16,7,1 D쥜16찘 7
1,D쥜,16,8,1 D쥜16찘 8
1,D쥜,16,9,1 D쥜16찘 9
1,D쥜,16,10,1 D쥜16찘 10
1,D쥜,16,11,1 D쥜16찘 11
1,D쥜,16,12,1 D쥜16찘 12
1,D쥜,16,13,1 D쥜16찘 13
1,D쥜,17,1,1 D쥜17찘 1
1,D쥜,17,2,1 D쥜17찘 2
1,D쥜,17,3,1 D쥜17찘 3
1,D쥜,17,4,1 D쥜17찘 4
1,D쥜,17,5,1 D쥜17찘 5
1,D쥜,17,6,1 D쥜17찘 6
1,D쥜,17,7,1 D쥜17찘 7
1,D쥜,17,8,1 D쥜17찘 8
1,D쥜,17,9,1 D쥜17찘 9
1,D쥜,17,10,1 D쥜17찘 10
1,D쥜,17,11,1 D쥜17찘 11
1,D쥜,17,12,1 D쥜17찘 12
1,D쥜,17,13,1 D쥜17찘 13
1,D쥜,18,1,1 D쥜18찘 1
1,D쥜,18,2,1 D쥜18찘 2
1,D쥜,18,3,1 D쥜18찘 3
1,D쥜,18,4,1 D쥜18찘 4
1,D쥜,18,5,1 D쥜18찘 5
1,D쥜,18,6,1 D쥜18찘 6
1,D쥜,18,7,1 D쥜18찘 7
1,D쥜,18,8,1 D쥜18찘 8
1,D쥜,18,9,1 D쥜18찘 9
1,D쥜,18,10,1 D쥜18찘 10
1,D쥜,18,11,1 D쥜18찘 11
1,D쥜,18,12,1 D쥜18찘 12
1,D쥜,18,13,1 D쥜18찘 13
1,D쥜,19,1,1 D쥜19찘 1
1,D쥜,19,2,1 D쥜19찘 2
1,D쥜,19,3,1 D쥜19찘 3
1,D쥜,19,4,1 D쥜19찘 4
1,D쥜,19,5,1 D쥜19찘 5
1,D쥜,19,6,1 D쥜19찘 6
1,D쥜,19,7,1 D쥜19찘 7
1,D쥜,19,8,1 D쥜19찘 8
1,D쥜,19,9,1 D쥜19찘 9
1,D쥜,19,10,1 D쥜19찘 10
1,D쥜,19,11,1 D쥜19찘 11
1,D쥜,19,12,1 D쥜19찘 12
1,D쥜,19,13,1 D쥜19찘 13
1,D쥜,19,14,1 D쥜19찘 14
1,D쥜,20,1,1 D쥜20찘 1
1,D쥜,20,2,1 D쥜20찘 2
1,D쥜,20,3,1 D쥜20찘 3
1,D쥜,20,4,1 D쥜20찘 4
1,D쥜,20,5,1 D쥜20찘 5
1,D쥜,20,6,1 D쥜20찘 6
1,D쥜,20,7,1 D쥜20찘 7
1,D쥜,20,8,1 D쥜20찘 8
1,D쥜,20,9,1 D쥜20찘 9
1,D쥜,20,10,1 D쥜20찘 10
1,D쥜,20,11,1 D쥜20찘 11
1,D쥜,20,12,1 D쥜20찘 12
1,D쥜,20,13,1 D쥜20찘 13
1,D쥜,20,14,1 D쥜20찘 14
1,D쥜,21,1,1 D쥜21찘 1
1,D쥜,21,2,1 D쥜21찘 2
1,D쥜,21,3,1 D쥜21찘 3
1,D쥜,21,4,1 D쥜21찘 4
1,D쥜,21,5,1 D쥜21찘 5
1,D쥜,21,6,1 D쥜21찘 6
1,D쥜,21,7,1 D쥜21찘 7
1,D쥜,21,8,1 D쥜21찘 8
1,D쥜,21,9,1 D쥜21찘 9
1,D쥜,21,10,1 D쥜21찘 10
1,D쥜,21,11,1 D쥜21찘 11
1,D쥜,21,12,1 D쥜21찘 12
1,D쥜,21,13,1 D쥜21찘 13
1,D쥜,21,14,1 D쥜21찘 14
1,D쥜,22,1,1 D쥜22찘 1
1,D쥜,22,2,1 D쥜22찘 2
1,D쥜,22,3,1 D쥜22찘 3
1,D쥜,22,4,1 D쥜22찘 4
1,D쥜,22,5,1 D쥜22찘 5
1,D쥜,22,6,1 D쥜22찘 6
1,D쥜,22,7,1 D쥜22찘 7
1,D쥜,22,8,1 D쥜22찘 8
1,D쥜,22,9,1 D쥜22찘 9
1,D쥜,22,10,1 D쥜22찘 10
1,D쥜,22,11,1 D쥜22찘 11
1,D쥜,22,12,1 D쥜22찘 12
1,D쥜,22,13,1 D쥜22찘 13
1,D쥜,22,14,1 D쥜22찘 14
1,E쥜,1,1,1 E쥜1찘 1
1,E쥜,1,2,1 E쥜1찘 2
1,E쥜,1,3,1 E쥜1찘 3
1,E쥜,1,4,1 E쥜1찘 4
1,E쥜,1,5,1 E쥜1찘 5
1,E쥜,1,6,1 E쥜1찘 6
1,E쥜,1,7,1 E쥜1찘 7
1,E쥜,1,8,1 E쥜1찘 8
1,E쥜,1,9,1 E쥜1찘 9
1,E쥜,2,1,1 E쥜2찘 1
1,E쥜,2,2,1 E쥜2찘 2
1,E쥜,2,3,1 E쥜2찘 3
1,E쥜,2,4,1 E쥜2찘 4
1,E쥜,2,5,1 E쥜2찘 5
1,E쥜,2,6,1 E쥜2찘 6
1,E쥜,2,7,1 E쥜2찘 7
1,E쥜,2,8,1 E쥜2찘 8
1,E쥜,2,9,1 E쥜2찘 9
1,E쥜,3,1,1 E쥜3찘 1
1,E쥜,3,2,1 E쥜3찘 2
1,E쥜,3,3,1 E쥜3찘 3
1,E쥜,3,4,1 E쥜3찘 4
1,E쥜,3,5,1 E쥜3찘 5
1,E쥜,3,6,1 E쥜3찘 6
1,E쥜,3,7,1 E쥜3찘 7
1,E쥜,3,8,1 E쥜3찘 8
1,E쥜,3,9,1 E쥜3찘 9
1,E쥜,4,1,1 E쥜4찘 1
1,E쥜,4,2,1 E쥜4찘 2
1,E쥜,4,3,1 E쥜4찘 3
1,E쥜,4,4,1 E쥜4찘 4
1,E쥜,4,5,1 E쥜4찘 5
1,E쥜,4,6,1 E쥜4찘 6
1,E쥜,4,7,1 E쥜4찘 7
1,E쥜,4,8,1 E쥜4찘 8
1,E쥜,4,9,1 E쥜4찘 9
1,E쥜,4,10,1 E쥜4찘 10
1,E쥜,5,1,1 E쥜5찘 1
1,E쥜,5,2,1 E쥜5찘 2
1,E쥜,5,3,1 E쥜5찘 3
1,E쥜,5,4,1 E쥜5찘 4
1,E쥜,5,5,1 E쥜5찘 5
1,E쥜,5,6,1 E쥜5찘 6
1,E쥜,5,7,1 E쥜5찘 7
1,E쥜,5,8,1 E쥜5찘 8
1,E쥜,5,9,1 E쥜5찘 9
1,E쥜,5,10,1 E쥜5찘 10
1,E쥜,6,1,1 E쥜6찘 1
1,E쥜,6,2,1 E쥜6찘 2
1,E쥜,6,3,1 E쥜6찘 3
1,E쥜,6,4,1 E쥜6찘 4
1,E쥜,6,5,1 E쥜6찘 5
1,E쥜,6,6,1 E쥜6찘 6
1,E쥜,6,7,1 E쥜6찘 7
1,E쥜,6,8,1 E쥜6찘 8
1,E쥜,6,9,1 E쥜6찘 9
1,E쥜,6,10,1 E쥜6찘 10
1,E쥜,7,1,1 E쥜7찘 1
1,E쥜,7,2,1 E쥜7찘 2
1,E쥜,7,3,1 E쥜7찘 3
1,E쥜,7,4,1 E쥜7찘 4
1,E쥜,7,5,1 E쥜7찘 5
1,E쥜,7,6,1 E쥜7찘 6
1,E쥜,7,7,1 E쥜7찘 7
1,E쥜,7,8,1 E쥜7찘 8
1,E쥜,7,9,1 E쥜7찘 9
1,E쥜,7,10,1 E쥜7찘 10
1,E쥜,8,1,1 E쥜8찘 1
1,E쥜,8,2,1 E쥜8찘 2
1,E쥜,8,3,1 E쥜8찘 3
1,E쥜,8,4,1 E쥜8찘 4
1,E쥜,8,5,1 E쥜8찘 5
1,E쥜,8,6,1 E쥜8찘 6
1,E쥜,8,7,1 E쥜8찘 7
1,E쥜,8,8,1 E쥜8찘 8
1,E쥜,8,9,1 E쥜8찘 9
1,E쥜,8,10,1 E쥜8찘 10
1,E쥜,8,11,1 E쥜8찘 11
1,E쥜,9,1,1 E쥜9찘 1
1,E쥜,9,2,1 E쥜9찘 2
1,E쥜,9,3,1 E쥜9찘 3
1,E쥜,9,4,1 E쥜9찘 4
1,E쥜,9,5,1 E쥜9찘 5
1,E쥜,9,6,1 E쥜9찘 6
1,E쥜,9,7,1 E쥜9찘 7
1,E쥜,9,8,1 E쥜9찘 8
1,E쥜,9,9,1 E쥜9찘 9
1,E쥜,9,10,1 E쥜9찘 10
1,E쥜,9,11,1 E쥜9찘 11
1,E쥜,10,1,1 E쥜10찘 1
1,E쥜,10,2,1 E쥜10찘 2
1,E쥜,10,3,1 E쥜10찘 3
1,E쥜,10,4,1 E쥜10찘 4
1,E쥜,10,5,1 E쥜10찘 5
1,E쥜,10,6,1 E쥜10찘 6
1,E쥜,10,7,1 E쥜10찘 7
1,E쥜,10,8,1 E쥜10찘 8
1,E쥜,10,9,1 E쥜10찘 9
1,E쥜,10,10,1 E쥜10찘 10
1,E쥜,10,11,1 E쥜10찘 11
1,E쥜,11,1,1 E쥜11찘 1
1,E쥜,11,2,1 E쥜11찘 2
1,E쥜,11,3,1 E쥜11찘 3
1,E쥜,11,4,1 E쥜11찘 4
1,E쥜,11,5,1 E쥜11찘 5
1,E쥜,11,6,1 E쥜11찘 6
1,E쥜,11,7,1 E쥜11찘 7
1,E쥜,11,8,1 E쥜11찘 8
1,E쥜,11,9,1 E쥜11찘 9
1,E쥜,11,10,1 E쥜11찘 10
1,E쥜,11,11,1 E쥜11찘 11
1,E쥜,12,1,1 E쥜12찘 1
1,E쥜,12,2,1 E쥜12찘 2
1,E쥜,12,3,1 E쥜12찘 3
1,E쥜,12,4,1 E쥜12찘 4
1,E쥜,12,5,1 E쥜12찘 5
1,E쥜,12,6,1 E쥜12찘 6
1,E쥜,12,7,1 E쥜12찘 7
1,E쥜,12,8,1 E쥜12찘 8
1,E쥜,12,9,1 E쥜12찘 9
1,E쥜,12,10,1 E쥜12찘 10
1,E쥜,12,11,1 E쥜12찘 11
1,E쥜,12,12,1 E쥜12찘 12
1,E쥜,13,1,1 E쥜13찘 1
1,E쥜,13,2,1 E쥜13찘 2
1,E쥜,13,3,1 E쥜13찘 3
1,E쥜,13,4,1 E쥜13찘 4
1,E쥜,13,5,1 E쥜13찘 5
1,E쥜,13,6,1 E쥜13찘 6
1,E쥜,13,7,1 E쥜13찘 7
1,E쥜,13,8,1 E쥜13찘 8
1,E쥜,13,9,1 E쥜13찘 9
1,E쥜,13,10,1 E쥜13찘 10
1,E쥜,13,11,1 E쥜13찘 11
1,E쥜,13,12,1 E쥜13찘 12
1,E쥜,15,1,1 E쥜15찘 1
1,E쥜,15,2,1 E쥜15찘 2
1,E쥜,15,3,1 E쥜15찘 3
1,E쥜,15,4,1 E쥜15찘 4
1,E쥜,15,5,1 E쥜15찘 5
1,E쥜,15,6,1 E쥜15찘 6
1,E쥜,15,7,1 E쥜15찘 7
1,E쥜,15,8,1 E쥜15찘 8
1,E쥜,15,9,1 E쥜15찘 9
1,E쥜,15,10,1 E쥜15찘 10
1,E쥜,15,11,1 E쥜15찘 11
1,E쥜,15,12,1 E쥜15찘 12
1,E쥜,16,1,1 E쥜16찘 1
1,E쥜,16,2,1 E쥜16찘 2
1,E쥜,16,3,1 E쥜16찘 3
1,E쥜,16,4,1 E쥜16찘 4
1,E쥜,16,5,1 E쥜16찘 5
1,E쥜,16,6,1 E쥜16찘 6
1,E쥜,16,7,1 E쥜16찘 7
1,E쥜,16,8,1 E쥜16찘 8
1,E쥜,16,9,1 E쥜16찘 9
1,E쥜,16,10,1 E쥜16찘 10
1,E쥜,16,11,1 E쥜16찘 11
1,E쥜,17,1,1 E쥜17찘 1
1,E쥜,17,2,1 E쥜17찘 2
1,E쥜,17,3,1 E쥜17찘 3
1,E쥜,17,4,1 E쥜17찘 4
1,E쥜,17,5,1 E쥜17찘 5
1,E쥜,17,6,1 E쥜17찘 6
1,E쥜,17,7,1 E쥜17찘 7
1,E쥜,17,8,1 E쥜17찘 8
1,E쥜,17,9,1 E쥜17찘 9
1,E쥜,17,10,1 E쥜17찘 10
1,E쥜,17,11,1 E쥜17찘 11
1,E쥜,18,1,1 E쥜18찘 1
1,E쥜,18,2,1 E쥜18찘 2
1,E쥜,18,3,1 E쥜18찘 3
1,E쥜,18,4,1 E쥜18찘 4
1,E쥜,18,5,1 E쥜18찘 5
1,E쥜,18,6,1 E쥜18찘 6
1,E쥜,18,7,1 E쥜18찘 7
1,E쥜,18,8,1 E쥜18찘 8
1,E쥜,18,9,1 E쥜18찘 9
1,E쥜,18,10,1 E쥜18찘 10
1,E쥜,19,1,1 E쥜19찘 1
1,E쥜,19,2,1 E쥜19찘 2
1,E쥜,19,3,1 E쥜19찘 3
1,E쥜,19,4,1 E쥜19찘 4
1,E쥜,19,5,1 E쥜19찘 5
1,E쥜,19,6,1 E쥜19찘 6
1,E쥜,19,7,1 E쥜19찘 7
1,E쥜,19,8,1 E쥜19찘 8
1,E쥜,19,9,1 E쥜19찘 9
1,E쥜,20,1,1 E쥜20찘 1
1,E쥜,20,2,1 E쥜20찘 2
1,E쥜,20,3,1 E쥜20찘 3
1,E쥜,20,4,1 E쥜20찘 4
1,E쥜,20,5,1 E쥜20찘 5
1,E쥜,20,6,1 E쥜20찘 6
1,E쥜,20,7,1 E쥜20찘 7
1,E쥜,20,8,1 E쥜20찘 8
1,E쥜,21,1,1 E쥜21찘 1
1,E쥜,21,2,1 E쥜21찘 2
1,E쥜,21,3,1 E쥜21찘 3
1,E쥜,21,4,1 E쥜21찘 4
1,E쥜,21,5,1 E쥜21찘 5
1,E쥜,21,6,1 E쥜21찘 6
1,E쥜,21,7,1 E쥜21찘 7
1,E쥜,22,1,1 E쥜22찘 1
1,E쥜,22,2,1 E쥜22찘 2
1,E쥜,22,3,1 E쥜22찘 3
1,E쥜,22,4,1 E쥜22찘 4
1,E쥜,22,5,1 E쥜22찘 5
1,E쥜,22,6,1 E쥜22찘 6
1,E쥜,22,7,1 E쥜22찘 7
칙쨡,F쥜,1,1,칙쨡 F쥜1찘 1
칙쨡,F쥜,1,2,칙쨡 F쥜1찘 2
칙쨡,F쥜,1,3,칙쨡 F쥜1찘 3
칙쨡,F쥜,1,4,칙쨡 F쥜1찘 4
칙쨡,F쥜,1,5,칙쨡 F쥜1찘 5
칙쨡,F쥜,1,6,칙쨡 F쥜1찘 6
칙쨡,F쥜,1,7,칙쨡 F쥜1찘 7
칙쨡,F쥜,1,8,칙쨡 F쥜1찘 8
칙쨡,F쥜,1,9,칙쨡 F쥜1찘 9
칙쨡,F쥜,1,10,칙쨡 F쥜1찘 10
칙쨡,F쥜,1,11,칙쨡 F쥜1찘 11
칙쨡,F쥜,1,12,칙쨡 F쥜1찘 12
칙쨡,F쥜,1,13,칙쨡 F쥜1찘 13
칙쨡,F쥜,1,14,칙쨡 F쥜1찘 14
칙쨡,F쥜,1,15,칙쨡 F쥜1찘 15
칙쨡,F쥜,1,16,칙쨡 F쥜1찘 16
칙쨡,F쥜,2,1,칙쨡 F쥜2찘 1
칙쨡,F쥜,2,2,칙쨡 F쥜2찘 2
칙쨡,F쥜,2,3,칙쨡 F쥜2찘 3
칙쨡,F쥜,2,4,칙쨡 F쥜2찘 4
칙쨡,F쥜,2,5,칙쨡 F쥜2찘 5
칙쨡,F쥜,2,6,칙쨡 F쥜2찘 6
칙쨡,F쥜,2,7,칙쨡 F쥜2찘 7
칙쨡,F쥜,2,8,칙쨡 F쥜2찘 8
칙쨡,F쥜,2,9,칙쨡 F쥜2찘 9
칙쨡,F쥜,2,10,칙쨡 F쥜2찘 10
칙쨡,F쥜,2,11,칙쨡 F쥜2찘 11
칙쨡,F쥜,2,12,칙쨡 F쥜2찘 12
칙쨡,F쥜,2,13,칙쨡 F쥜2찘 13
칙쨡,F쥜,2,14,칙쨡 F쥜2찘 14
칙쨡,F쥜,2,15,칙쨡 F쥜2찘 15
칙쨡,F쥜,2,16,칙쨡 F쥜2찘 16
칙쨡,F쥜,2,17,칙쨡 F쥜2찘 17
칙쨡,F쥜,2,18,칙쨡 F쥜2찘 18
칙쨡,F쥜,2,19,칙쨡 F쥜2찘 19
칙쨡,F쥜,2,20,칙쨡 F쥜2찘 20
칙쨡,F쥜,3,1,칙쨡 F쥜3찘 1
칙쨡,F쥜,3,2,칙쨡 F쥜3찘 2
칙쨡,F쥜,3,3,칙쨡 F쥜3찘 3
칙쨡,F쥜,3,4,칙쨡 F쥜3찘 4
칙쨡,F쥜,3,5,칙쨡 F쥜3찘 5
칙쨡,F쥜,3,6,칙쨡 F쥜3찘 6
칙쨡,F쥜,3,7,칙쨡 F쥜3찘 7
칙쨡,F쥜,3,8,칙쨡 F쥜3찘 8
칙쨡,F쥜,3,9,칙쨡 F쥜3찘 9
칙쨡,F쥜,3,10,칙쨡 F쥜3찘 10
칙쨡,F쥜,3,11,칙쨡 F쥜3찘 11
칙쨡,F쥜,3,12,칙쨡 F쥜3찘 12
칙쨡,F쥜,3,13,칙쨡 F쥜3찘 13
칙쨡,F쥜,3,14,칙쨡 F쥜3찘 14
칙쨡,F쥜,3,15,칙쨡 F쥜3찘 15
칙쨡,F쥜,3,16,칙쨡 F쥜3찘 16
칙쨡,F쥜,3,17,칙쨡 F쥜3찘 17
칙쨡,F쥜,3,18,칙쨡 F쥜3찘 18
칙쨡,F쥜,3,19,칙쨡 F쥜3찘 19
칙쨡,F쥜,3,20,칙쨡 F쥜3찘 20
칙쨡,F쥜,3,21,칙쨡 F쥜3찘 21
칙쨡,F쥜,3,22,칙쨡 F쥜3찘 22
칙쨡,F쥜,3,23,칙쨡 F쥜3찘 23
칙쨡,F쥜,3,24,칙쨡 F쥜3찘 24
칙쨡,F쥜,4,1,칙쨡 F쥜4찘 1
칙쨡,F쥜,4,2,칙쨡 F쥜4찘 2
칙쨡,F쥜,4,3,칙쨡 F쥜4찘 3
칙쨡,F쥜,4,4,칙쨡 F쥜4찘 4
칙쨡,F쥜,4,5,칙쨡 F쥜4찘 5
칙쨡,F쥜,4,6,칙쨡 F쥜4찘 6
칙쨡,F쥜,4,7,칙쨡 F쥜4찘 7
칙쨡,F쥜,4,8,칙쨡 F쥜4찘 8
칙쨡,F쥜,4,9,칙쨡 F쥜4찘 9
칙쨡,F쥜,4,10,칙쨡 F쥜4찘 10
칙쨡,F쥜,4,11,칙쨡 F쥜4찘 11
칙쨡,F쥜,4,12,칙쨡 F쥜4찘 12
칙쨡,G쥜,1,1,칙쨡 G쥜1찘 1
칙쨡,G쥜,1,2,칙쨡 G쥜1찘 2
칙쨡,G쥜,1,3,칙쨡 G쥜1찘 3
칙쨡,G쥜,1,4,칙쨡 G쥜1찘 4
칙쨡,G쥜,1,5,칙쨡 G쥜1찘 5
칙쨡,G쥜,1,6,칙쨡 G쥜1찘 6
칙쨡,G쥜,1,7,칙쨡 G쥜1찘 7
칙쨡,G쥜,1,8,칙쨡 G쥜1찘 8
칙쨡,G쥜,1,9,칙쨡 G쥜1찘 9
칙쨡,G쥜,1,10,칙쨡 G쥜1찘 10
칙쨡,G쥜,1,11,칙쨡 G쥜1찘 11
칙쨡,G쥜,1,12,칙쨡 G쥜1찘 12
칙쨡,G쥜,1,13,칙쨡 G쥜1찘 13
칙쨡,G쥜,1,14,칙쨡 G쥜1찘 14
칙쨡,G쥜,1,15,칙쨡 G쥜1찘 15
칙쨡,G쥜,1,16,칙쨡 G쥜1찘 16
칙쨡,G쥜,1,17,칙쨡 G쥜1찘 17
칙쨡,G쥜,1,18,칙쨡 G쥜1찘 18
칙쨡,G쥜,1,19,칙쨡 G쥜1찘 19
칙쨡,G쥜,1,20,칙쨡 G쥜1찘 20
칙쨡,G쥜,1,21,칙쨡 G쥜1찘 21
칙쨡,G쥜,1,22,칙쨡 G쥜1찘 22
칙쨡,G쥜,1,23,칙쨡 G쥜1찘 23
칙쨡,G쥜,1,24,칙쨡 G쥜1찘 24
칙쨡,G쥜,1,25,칙쨡 G쥜1찘 25
칙쨡,G쥜,1,26,칙쨡 G쥜1찘 26
칙쨡,G쥜,1,27,칙쨡 G쥜1찘 27
칙쨡,G쥜,1,28,칙쨡 G쥜1찘 28
칙쨡,G쥜,2,1,칙쨡 G쥜2찘 1
칙쨡,G쥜,2,2,칙쨡 G쥜2찘 2
칙쨡,G쥜,2,3,칙쨡 G쥜2찘 3
칙쨡,G쥜,2,4,칙쨡 G쥜2찘 4
칙쨡,G쥜,2,5,칙쨡 G쥜2찘 5
칙쨡,G쥜,2,6,칙쨡 G쥜2찘 6
칙쨡,G쥜,2,7,칙쨡 G쥜2찘 7
칙쨡,G쥜,2,8,칙쨡 G쥜2찘 8
칙쨡,G쥜,2,9,칙쨡 G쥜2찘 9
칙쨡,G쥜,2,10,칙쨡 G쥜2찘 10
칙쨡,G쥜,2,11,칙쨡 G쥜2찘 11
칙쨡,G쥜,2,12,칙쨡 G쥜2찘 12
칙쨡,G쥜,2,13,칙쨡 G쥜2찘 13
칙쨡,G쥜,2,14,칙쨡 G쥜2찘 14
칙쨡,G쥜,2,15,칙쨡 G쥜2찘 15
칙쨡,G쥜,2,16,칙쨡 G쥜2찘 16
칙쨡,G쥜,2,17,칙쨡 G쥜2찘 17
칙쨡,G쥜,2,18,칙쨡 G쥜2찘 18
칙쨡,G쥜,2,19,칙쨡 G쥜2찘 19
칙쨡,G쥜,2,20,칙쨡 G쥜2찘 20
칙쨡,G쥜,2,21,칙쨡 G쥜2찘 21
칙쨡,G쥜,2,22,칙쨡 G쥜2찘 22
칙쨡,G쥜,2,23,칙쨡 G쥜2찘 23
칙쨡,G쥜,2,24,칙쨡 G쥜2찘 24
칙쨡,G쥜,2,25,칙쨡 G쥜2찘 25
칙쨡,G쥜,2,26,칙쨡 G쥜2찘 26
칙쨡,G쥜,2,27,칙쨡 G쥜2찘 27
칙쨡,G쥜,2,28,칙쨡 G쥜2찘 28
칙쨡,G쥜,2,29,칙쨡 G쥜2찘 29
칙쨡,G쥜,2,30,칙쨡 G쥜2찘 30
칙쨡,G쥜,2,31,칙쨡 G쥜2찘 31
칙쨡,G쥜,3,1,칙쨡 G쥜3찘 1
칙쨡,G쥜,3,2,칙쨡 G쥜3찘 2
칙쨡,G쥜,3,3,칙쨡 G쥜3찘 3
칙쨡,G쥜,3,4,칙쨡 G쥜3찘 4
칙쨡,G쥜,3,5,칙쨡 G쥜3찘 5
칙쨡,G쥜,3,6,칙쨡 G쥜3찘 6
칙쨡,G쥜,3,7,칙쨡 G쥜3찘 7
칙쨡,G쥜,3,8,칙쨡 G쥜3찘 8
칙쨡,G쥜,3,9,칙쨡 G쥜3찘 9
칙쨡,G쥜,3,10,칙쨡 G쥜3찘 10
칙쨡,G쥜,3,11,칙쨡 G쥜3찘 11
칙쨡,G쥜,3,12,칙쨡 G쥜3찘 12
칙쨡,G쥜,3,13,칙쨡 G쥜3찘 13
칙쨡,G쥜,3,14,칙쨡 G쥜3찘 14
칙쨡,G쥜,3,15,칙쨡 G쥜3찘 15
칙쨡,G쥜,3,16,칙쨡 G쥜3찘 16
칙쨡,G쥜,3,17,칙쨡 G쥜3찘 17
칙쨡,G쥜,3,18,칙쨡 G쥜3찘 18
칙쨡,G쥜,3,19,칙쨡 G쥜3찘 19
칙쨡,G쥜,3,20,칙쨡 G쥜3찘 20
칙쨡,G쥜,3,21,칙쨡 G쥜3찘 21
칙쨡,G쥜,3,22,칙쨡 G쥜3찘 22
칙쨡,G쥜,3,23,칙쨡 G쥜3찘 23
칙쨡,G쥜,3,24,칙쨡 G쥜3찘 24
칙쨡,G쥜,3,25,칙쨡 G쥜3찘 25
칙쨡,G쥜,3,26,칙쨡 G쥜3찘 26
칙쨡,G쥜,3,27,칙쨡 G쥜3찘 27
칙쨡,G쥜,3,28,칙쨡 G쥜3찘 28
칙쨡,G쥜,3,29,칙쨡 G쥜3찘 29
칙쨡,G쥜,3,30,칙쨡 G쥜3찘 30
칙쨡,G쥜,3,31,칙쨡 G쥜3찘 31
칙쨡,G쥜,3,32,칙쨡 G쥜3찘 32
칙쨡,G쥜,3,33,칙쨡 G쥜3찘 33
칙쨡,G쥜,3,34,칙쨡 G쥜3찘 34
칙쨡,G쥜,4,1,칙쨡 G쥜4찘 1
칙쨡,G쥜,4,2,칙쨡 G쥜4찘 2
칙쨡,G쥜,4,3,칙쨡 G쥜4찘 3
칙쨡,G쥜,4,4,칙쨡 G쥜4찘 4
칙쨡,G쥜,4,5,칙쨡 G쥜4찘 5
칙쨡,G쥜,4,6,칙쨡 G쥜4찘 6
칙쨡,G쥜,4,7,칙쨡 G쥜4찘 7
칙쨡,G쥜,4,8,칙쨡 G쥜4찘 8
칙쨡,G쥜,4,9,칙쨡 G쥜4찘 9
칙쨡,G쥜,4,10,칙쨡 G쥜4찘 10
칙쨡,G쥜,4,11,칙쨡 G쥜4찘 11
칙쨡,G쥜,4,12,칙쨡 G쥜4찘 12
칙쨡,G쥜,4,13,칙쨡 G쥜4찘 13
칙쨡,G쥜,4,14,칙쨡 G쥜4찘 14
칙쨡,G쥜,4,15,칙쨡 G쥜4찘 15
칙쨡,G쥜,4,16,칙쨡 G쥜4찘 16
칙쨡,G쥜,4,17,칙쨡 G쥜4찘 17
칙쨡,G쥜,4,18,칙쨡 G쥜4찘 18
칙쨡,G쥜,4,19,칙쨡 G쥜4찘 19
칙쨡,G쥜,4,20,칙쨡 G쥜4찘 20
칙쨡,G쥜,4,21,칙쨡 G쥜4찘 21
칙쨡,G쥜,4,22,칙쨡 G쥜4찘 22
칙쨡,G쥜,4,23,칙쨡 G쥜4찘 23
칙쨡,G쥜,4,24,칙쨡 G쥜4찘 24
칙쨡,G쥜,4,25,칙쨡 G쥜4찘 25
칙쨡,G쥜,4,26,칙쨡 G쥜4찘 26
칙쨡,G쥜,4,27,칙쨡 G쥜4찘 27
칙쨡,G쥜,4,28,칙쨡 G쥜4찘 28
칙쨡,G쥜,4,29,칙쨡 G쥜4찘 29
칙쨡,G쥜,4,30,칙쨡 G쥜4찘 30
칙쨡,G쥜,4,31,칙쨡 G쥜4찘 31
칙쨡,G쥜,4,32,칙쨡 G쥜4찘 32
칙쨡,G쥜,4,33,칙쨡 G쥜4찘 33
칙쨡,G쥜,4,34,칙쨡 G쥜4찘 34
칙쨡,G쥜,4,35,칙쨡 G쥜4찘 35
칙쨡,G쥜,4,36,칙쨡 G쥜4찘 36
칙쨡,G쥜,4,37,칙쨡 G쥜4찘 37
칙쨡,H쥜,1,1,칙쨡 H쥜1찘 1
칙쨡,H쥜,1,2,칙쨡 H쥜1찘 2
칙쨡,H쥜,1,3,칙쨡 H쥜1찘 3
칙쨡,H쥜,1,4,칙쨡 H쥜1찘 4
칙쨡,H쥜,1,5,칙쨡 H쥜1찘 5
칙쨡,H쥜,1,6,칙쨡 H쥜1찘 6
칙쨡,H쥜,1,7,칙쨡 H쥜1찘 7
칙쨡,H쥜,1,8,칙쨡 H쥜1찘 8
칙쨡,H쥜,1,9,칙쨡 H쥜1찘 9
칙쨡,H쥜,1,10,칙쨡 H쥜1찘 10
칙쨡,H쥜,1,11,칙쨡 H쥜1찘 11
칙쨡,H쥜,1,12,칙쨡 H쥜1찘 12
칙쨡,H쥜,1,13,칙쨡 H쥜1찘 13
칙쨡,H쥜,1,14,칙쨡 H쥜1찘 14
칙쨡,H쥜,1,15,칙쨡 H쥜1찘 15
칙쨡,H쥜,1,16,칙쨡 H쥜1찘 16
칙쨡,H쥜,2,1,칙쨡 H쥜2찘 1
칙쨡,H쥜,2,2,칙쨡 H쥜2찘 2
칙쨡,H쥜,2,3,칙쨡 H쥜2찘 3
칙쨡,H쥜,2,4,칙쨡 H쥜2찘 4
칙쨡,H쥜,2,5,칙쨡 H쥜2찘 5
칙쨡,H쥜,2,6,칙쨡 H쥜2찘 6
칙쨡,H쥜,2,7,칙쨡 H쥜2찘 7
칙쨡,H쥜,2,8,칙쨡 H쥜2찘 8
칙쨡,H쥜,2,9,칙쨡 H쥜2찘 9
칙쨡,H쥜,2,10,칙쨡 H쥜2찘 10
칙쨡,H쥜,2,11,칙쨡 H쥜2찘 11
칙쨡,H쥜,2,12,칙쨡 H쥜2찘 12
칙쨡,H쥜,2,13,칙쨡 H쥜2찘 13
칙쨡,H쥜,2,14,칙쨡 H쥜2찘 14
칙쨡,H쥜,2,15,칙쨡 H쥜2찘 15
칙쨡,H쥜,2,16,칙쨡 H쥜2찘 16
칙쨡,H쥜,2,17,칙쨡 H쥜2찘 17
칙쨡,H쥜,2,18,칙쨡 H쥜2찘 18
칙쨡,H쥜,2,19,칙쨡 H쥜2찘 19
칙쨡,H쥜,2,20,칙쨡 H쥜2찘 20
칙쨡,H쥜,3,1,칙쨡 H쥜3찘 1
칙쨡,H쥜,3,2,칙쨡 H쥜3찘 2
칙쨡,H쥜,3,3,칙쨡 H쥜3찘 3
칙쨡,H쥜,3,4,칙쨡 H쥜3찘 4
칙쨡,H쥜,3,5,칙쨡 H쥜3찘 5
칙쨡,H쥜,3,6,칙쨡 H쥜3찘 6
칙쨡,H쥜,3,7,칙쨡 H쥜3찘 7
칙쨡,H쥜,3,8,칙쨡 H쥜3찘 8
칙쨡,H쥜,3,9,칙쨡 H쥜3찘 9
칙쨡,H쥜,3,10,칙쨡 H쥜3찘 10
칙쨡,H쥜,3,11,칙쨡 H쥜3찘 11
칙쨡,H쥜,3,12,칙쨡 H쥜3찘 12
칙쨡,H쥜,3,13,칙쨡 H쥜3찘 13
칙쨡,H쥜,3,14,칙쨡 H쥜3찘 14
칙쨡,H쥜,3,15,칙쨡 H쥜3찘 15
칙쨡,H쥜,3,16,칙쨡 H쥜3찘 16
칙쨡,H쥜,3,17,칙쨡 H쥜3찘 17
칙쨡,H쥜,3,18,칙쨡 H쥜3찘 18
칙쨡,H쥜,3,19,칙쨡 H쥜3찘 19
칙쨡,H쥜,3,20,칙쨡 H쥜3찘 20
칙쨡,H쥜,3,21,칙쨡 H쥜3찘 21
칙쨡,H쥜,3,22,칙쨡 H쥜3찘 22
칙쨡,H쥜,3,23,칙쨡 H쥜3찘 23
칙쨡,H쥜,3,24,칙쨡 H쥜3찘 24
칙쨡,H쥜,4,1,칙쨡 H쥜4찘 1
칙쨡,H쥜,4,2,칙쨡 H쥜4찘 2
칙쨡,H쥜,4,3,칙쨡 H쥜4찘 3
칙쨡,H쥜,4,4,칙쨡 H쥜4찘 4
칙쨡,H쥜,4,5,칙쨡 H쥜4찘 5
칙쨡,H쥜,4,6,칙쨡 H쥜4찘 6
칙쨡,H쥜,4,7,칙쨡 H쥜4찘 7
칙쨡,H쥜,4,8,칙쨡 H쥜4찘 8
칙쨡,H쥜,4,9,칙쨡 H쥜4찘 9
칙쨡,H쥜,4,10,칙쨡 H쥜4찘 10
칙쨡,H쥜,4,11,칙쨡 H쥜4찘 11
칙쨡,H쥜,4,12,칙쨡 H쥜4찘 12
2,A쥜,1,1,2 A쥜1찘 1
2,A쥜,1,2,2 A쥜1찘 2
2,A쥜,1,3,2 A쥜1찘 3
2,A쥜,1,4,2 A쥜1찘 4
2,A쥜,1,5,2 A쥜1찘 5
2,A쥜,1,6,2 A쥜1찘 6
2,A쥜,1,7,2 A쥜1찘 7
2,A쥜,1,8,2 A쥜1찘 8
2,A쥜,1,9,2 A쥜1찘 9
2,A쥜,1,10,2 A쥜1찘 10
2,A쥜,1,11,2 A쥜1찘 11
2,A쥜,1,12,2 A쥜1찘 12
2,A쥜,1,13,2 A쥜1찘 13
2,A쥜,1,14,2 A쥜1찘 14
2,A쥜,1,15,2 A쥜1찘 15
2,A쥜,1,16,2 A쥜1찘 16
2,A쥜,1,17,2 A쥜1찘 17
2,A쥜,2,1,2 A쥜2찘 1
2,A쥜,2,2,2 A쥜2찘 2
2,A쥜,2,3,2 A쥜2찘 3
2,A쥜,2,4,2 A쥜2찘 4
2,A쥜,2,5,2 A쥜2찘 5
2,A쥜,2,6,2 A쥜2찘 6
2,A쥜,2,7,2 A쥜2찘 7
2,A쥜,2,8,2 A쥜2찘 8
2,A쥜,2,9,2 A쥜2찘 9
2,A쥜,2,10,2 A쥜2찘 10
2,A쥜,2,11,2 A쥜2찘 11
2,A쥜,2,12,2 A쥜2찘 12
2,A쥜,2,13,2 A쥜2찘 13
2,A쥜,2,14,2 A쥜2찘 14
2,A쥜,2,15,2 A쥜2찘 15
2,A쥜,2,16,2 A쥜2찘 16
2,A쥜,2,17,2 A쥜2찘 17
2,A쥜,2,18,2 A쥜2찘 18
2,A쥜,3,1,2 A쥜3찘 1
2,A쥜,3,2,2 A쥜3찘 2
2,A쥜,3,3,2 A쥜3찘 3
2,A쥜,3,4,2 A쥜3찘 4
2,A쥜,3,5,2 A쥜3찘 5
2,A쥜,3,6,2 A쥜3찘 6
2,A쥜,3,7,2 A쥜3찘 7
2,A쥜,3,8,2 A쥜3찘 8
2,A쥜,3,9,2 A쥜3찘 9
2,A쥜,3,10,2 A쥜3찘 10
2,A쥜,3,11,2 A쥜3찘 11
2,A쥜,3,12,2 A쥜3찘 12
2,A쥜,3,13,2 A쥜3찘 13
2,A쥜,3,14,2 A쥜3찘 14
2,A쥜,3,15,2 A쥜3찘 15
2,A쥜,3,16,2 A쥜3찘 16
2,A쥜,3,17,2 A쥜3찘 17
2,A쥜,3,18,2 A쥜3찘 18
2,A쥜,4,1,2 A쥜4찘 1
2,A쥜,4,2,2 A쥜4찘 2
2,A쥜,4,3,2 A쥜4찘 3
2,A쥜,4,4,2 A쥜4찘 4
2,A쥜,4,5,2 A쥜4찘 5
2,A쥜,4,6,2 A쥜4찘 6
2,A쥜,4,7,2 A쥜4찘 7
2,A쥜,4,8,2 A쥜4찘 8
2,A쥜,4,9,2 A쥜4찘 9
2,A쥜,4,10,2 A쥜4찘 10
2,A쥜,4,11,2 A쥜4찘 11
2,A쥜,4,12,2 A쥜4찘 12
2,A쥜,4,13,2 A쥜4찘 13
2,A쥜,4,14,2 A쥜4찘 14
2,A쥜,4,15,2 A쥜4찘 15
2,A쥜,4,16,2 A쥜4찘 16
2,A쥜,4,17,2 A쥜4찘 17
2,A쥜,4,18,2 A쥜4찘 18
2,A쥜,4,19,2 A쥜4찘 19
2,A쥜,5,1,2 A쥜5찘 1
2,A쥜,5,2,2 A쥜5찘 2
2,A쥜,5,3,2 A쥜5찘 3
2,A쥜,5,4,2 A쥜5찘 4
2,A쥜,5,5,2 A쥜5찘 5
2,A쥜,5,6,2 A쥜5찘 6
2,A쥜,5,7,2 A쥜5찘 7
2,A쥜,5,8,2 A쥜5찘 8
2,A쥜,5,9,2 A쥜5찘 9
2,A쥜,5,10,2 A쥜5찘 10
2,A쥜,5,11,2 A쥜5찘 11
2,A쥜,5,12,2 A쥜5찘 12
2,A쥜,5,13,2 A쥜5찘 13
2,A쥜,5,14,2 A쥜5찘 14
2,A쥜,5,15,2 A쥜5찘 15
2,A쥜,5,16,2 A쥜5찘 16
2,A쥜,5,17,2 A쥜5찘 17
2,A쥜,5,18,2 A쥜5찘 18
2,A쥜,5,19,2 A쥜5찘 19
2,A쥜,5,20,2 A쥜5찘 20
2,A쥜,6,1,2 A쥜6찘 1
2,A쥜,6,2,2 A쥜6찘 2
2,A쥜,6,3,2 A쥜6찘 3
2,A쥜,6,4,2 A쥜6찘 4
2,A쥜,6,5,2 A쥜6찘 5
2,A쥜,6,6,2 A쥜6찘 6
2,A쥜,6,7,2 A쥜6찘 7
2,A쥜,6,8,2 A쥜6찘 8
2,A쥜,6,9,2 A쥜6찘 9
2,A쥜,6,10,2 A쥜6찘 10
2,A쥜,6,11,2 A쥜6찘 11
2,A쥜,6,12,2 A쥜6찘 12
2,A쥜,6,13,2 A쥜6찘 13
2,A쥜,6,14,2 A쥜6찘 14
2,A쥜,6,15,2 A쥜6찘 15
2,A쥜,6,16,2 A쥜6찘 16
2,A쥜,6,17,2 A쥜6찘 17
2,A쥜,6,18,2 A쥜6찘 18
2,A쥜,6,19,2 A쥜6찘 19
2,A쥜,7,1,2 A쥜7찘 1
2,A쥜,7,2,2 A쥜7찘 2
2,A쥜,7,3,2 A쥜7찘 3
2,A쥜,7,4,2 A쥜7찘 4
2,A쥜,7,5,2 A쥜7찘 5
2,A쥜,7,6,2 A쥜7찘 6
2,A쥜,7,7,2 A쥜7찘 7
2,A쥜,7,8,2 A쥜7찘 8
2,A쥜,7,9,2 A쥜7찘 9
2,A쥜,7,10,2 A쥜7찘 10
2,A쥜,7,11,2 A쥜7찘 11
2,A쥜,7,12,2 A쥜7찘 12
2,A쥜,7,13,2 A쥜7찘 13
2,A쥜,7,14,2 A쥜7찘 14
2,A쥜,7,15,2 A쥜7찘 15
2,A쥜,7,16,2 A쥜7찘 16
2,A쥜,8,1,2 A쥜8찘 1
2,A쥜,8,2,2 A쥜8찘 2
2,A쥜,8,3,2 A쥜8찘 3
2,A쥜,8,4,2 A쥜8찘 4
2,A쥜,8,5,2 A쥜8찘 5
2,A쥜,8,6,2 A쥜8찘 6
2,A쥜,8,7,2 A쥜8찘 7
2,A쥜,8,8,2 A쥜8찘 8
2,B쥜,1,1,2 B쥜1찘 1
2,B쥜,1,2,2 B쥜1찘 2
2,B쥜,1,3,2 B쥜1찘 3
2,B쥜,1,4,2 B쥜1찘 4
2,B쥜,1,5,2 B쥜1찘 5
2,B쥜,1,6,2 B쥜1찘 6
2,B쥜,1,7,2 B쥜1찘 7
2,B쥜,1,8,2 B쥜1찘 8
2,B쥜,1,9,2 B쥜1찘 9
2,B쥜,2,1,2 B쥜2찘 1
2,B쥜,2,2,2 B쥜2찘 2
2,B쥜,2,3,2 B쥜2찘 3
2,B쥜,2,4,2 B쥜2찘 4
2,B쥜,2,5,2 B쥜2찘 5
2,B쥜,2,6,2 B쥜2찘 6
2,B쥜,2,7,2 B쥜2찘 7
2,B쥜,2,8,2 B쥜2찘 8
2,B쥜,2,9,2 B쥜2찘 9
2,B쥜,2,10,2 B쥜2찘 10
2,B쥜,3,1,2 B쥜3찘 1
2,B쥜,3,2,2 B쥜3찘 2
2,B쥜,3,3,2 B쥜3찘 3
2,B쥜,3,4,2 B쥜3찘 4
2,B쥜,3,5,2 B쥜3찘 5
2,B쥜,3,6,2 B쥜3찘 6
2,B쥜,3,7,2 B쥜3찘 7
2,B쥜,3,8,2 B쥜3찘 8
2,B쥜,3,9,2 B쥜3찘 9
2,B쥜,3,10,2 B쥜3찘 10
2,B쥜,3,11,2 B쥜3찘 11
2,B쥜,4,1,2 B쥜4찘 1
2,B쥜,4,2,2 B쥜4찘 2
2,B쥜,4,3,2 B쥜4찘 3
2,B쥜,4,4,2 B쥜4찘 4
2,B쥜,4,5,2 B쥜4찘 5
2,B쥜,4,6,2 B쥜4찘 6
2,B쥜,4,7,2 B쥜4찘 7
2,B쥜,4,8,2 B쥜4찘 8
2,B쥜,4,9,2 B쥜4찘 9
2,B쥜,4,10,2 B쥜4찘 10
2,B쥜,4,11,2 B쥜4찘 11
2,B쥜,5,1,2 B쥜5찘 1
2,B쥜,5,2,2 B쥜5찘 2
2,B쥜,5,3,2 B쥜5찘 3
2,B쥜,5,4,2 B쥜5찘 4
2,B쥜,5,5,2 B쥜5찘 5
2,B쥜,5,6,2 B쥜5찘 6
2,B쥜,5,7,2 B쥜5찘 7
2,B쥜,5,8,2 B쥜5찘 8
2,B쥜,5,9,2 B쥜5찘 9
2,B쥜,5,10,2 B쥜5찘 10
2,B쥜,5,11,2 B쥜5찘 11
2,B쥜,5,12,2 B쥜5찘 12
2,B쥜,6,1,2 B쥜6찘 1
2,B쥜,6,2,2 B쥜6찘 2
2,B쥜,6,3,2 B쥜6찘 3
2,B쥜,6,4,2 B쥜6찘 4
2,B쥜,6,5,2 B쥜6찘 5
2,B쥜,6,6,2 B쥜6찘 6
2,B쥜,6,7,2 B쥜6찘 7
2,B쥜,6,8,2 B쥜6찘 8
2,B쥜,6,9,2 B쥜6찘 9
2,B쥜,6,10,2 B쥜6찘 10
2,B쥜,6,11,2 B쥜6찘 11
2,B쥜,6,12,2 B쥜6찘 12
2,B쥜,6,13,2 B쥜6찘 13
2,B쥜,7,1,2 B쥜7찘 1
2,B쥜,7,2,2 B쥜7찘 2
2,B쥜,7,3,2 B쥜7찘 3
2,B쥜,7,4,2 B쥜7찘 4
2,B쥜,7,5,2 B쥜7찘 5
2,B쥜,7,6,2 B쥜7찘 6
2,B쥜,7,7,2 B쥜7찘 7
2,B쥜,7,8,2 B쥜7찘 8
2,B쥜,7,9,2 B쥜7찘 9
2,B쥜,7,10,2 B쥜7찘 10
2,B쥜,7,11,2 B쥜7찘 11
2,B쥜,7,12,2 B쥜7찘 12
2,B쥜,7,13,2 B쥜7찘 13
2,B쥜,7,14,2 B쥜7찘 14
2,B쥜,8,1,2 B쥜8찘 1
2,B쥜,8,2,2 B쥜8찘 2
2,B쥜,8,3,2 B쥜8찘 3
2,B쥜,8,4,2 B쥜8찘 4
2,C쥜,1,1,2 C쥜1찘 1
2,C쥜,1,2,2 C쥜1찘 2
2,C쥜,1,3,2 C쥜1찘 3
2,C쥜,1,4,2 C쥜1찘 4
2,C쥜,1,5,2 C쥜1찘 5
2,C쥜,1,6,2 C쥜1찘 6
2,C쥜,1,7,2 C쥜1찘 7
2,C쥜,1,8,2 C쥜1찘 8
2,C쥜,1,9,2 C쥜1찘 9
2,C쥜,1,10,2 C쥜1찘 10
2,C쥜,1,11,2 C쥜1찘 11
2,C쥜,2,1,2 C쥜2찘 1
2,C쥜,2,2,2 C쥜2찘 2
2,C쥜,2,3,2 C쥜2찘 3
2,C쥜,2,4,2 C쥜2찘 4
2,C쥜,2,5,2 C쥜2찘 5
2,C쥜,2,6,2 C쥜2찘 6
2,C쥜,2,7,2 C쥜2찘 7
2,C쥜,2,8,2 C쥜2찘 8
2,C쥜,2,9,2 C쥜2찘 9
2,C쥜,2,10,2 C쥜2찘 10
2,C쥜,2,11,2 C쥜2찘 11
2,C쥜,3,1,2 C쥜3찘 1
2,C쥜,3,2,2 C쥜3찘 2
2,C쥜,3,3,2 C쥜3찘 3
2,C쥜,3,4,2 C쥜3찘 4
2,C쥜,3,5,2 C쥜3찘 5
2,C쥜,3,6,2 C쥜3찘 6
2,C쥜,3,7,2 C쥜3찘 7
2,C쥜,3,8,2 C쥜3찘 8
2,C쥜,3,9,2 C쥜3찘 9
2,C쥜,3,10,2 C쥜3찘 10
2,C쥜,3,11,2 C쥜3찘 11
2,C쥜,4,1,2 C쥜4찘 1
2,C쥜,4,2,2 C쥜4찘 2
2,C쥜,4,3,2 C쥜4찘 3
2,C쥜,4,4,2 C쥜4찘 4
2,C쥜,4,5,2 C쥜4찘 5
2,C쥜,4,6,2 C쥜4찘 6
2,C쥜,4,7,2 C쥜4찘 7
2,C쥜,4,8,2 C쥜4찘 8
2,C쥜,4,9,2 C쥜4찘 9
2,C쥜,4,10,2 C쥜4찘 10
2,C쥜,4,11,2 C쥜4찘 11
2,C쥜,4,12,2 C쥜4찘 12
2,C쥜,5,1,2 C쥜5찘 1
2,C쥜,5,2,2 C쥜5찘 2
2,C쥜,5,3,2 C쥜5찘 3
2,C쥜,5,4,2 C쥜5찘 4
2,C쥜,5,5,2 C쥜5찘 5
2,C쥜,5,6,2 C쥜5찘 6
2,C쥜,5,7,2 C쥜5찘 7
2,C쥜,5,8,2 C쥜5찘 8
2,C쥜,5,9,2 C쥜5찘 9
2,C쥜,5,10,2 C쥜5찘 10
2,C쥜,5,11,2 C쥜5찘 11
2,C쥜,5,12,2 C쥜5찘 12
2,C쥜,6,1,2 C쥜6찘 1
2,C쥜,6,2,2 C쥜6찘 2
2,C쥜,6,3,2 C쥜6찘 3
2,C쥜,6,4,2 C쥜6찘 4
2,C쥜,6,5,2 C쥜6찘 5
2,C쥜,6,6,2 C쥜6찘 6
2,C쥜,6,7,2 C쥜6찘 7
2,C쥜,6,8,2 C쥜6찘 8
2,C쥜,6,9,2 C쥜6찘 9
2,C쥜,6,10,2 C쥜6찘 10
2,C쥜,6,11,2 C쥜6찘 11
2,C쥜,6,12,2 C쥜6찘 12
2,C쥜,7,1,2 C쥜7찘 1
2,C쥜,7,2,2 C쥜7찘 2
2,C쥜,7,3,2 C쥜7찘 3
2,C쥜,7,4,2 C쥜7찘 4
2,C쥜,7,5,2 C쥜7찘 5
2,C쥜,7,6,2 C쥜7찘 6
2,C쥜,7,7,2 C쥜7찘 7
2,C쥜,7,8,2 C쥜7찘 8
2,C쥜,7,9,2 C쥜7찘 9
2,C쥜,7,10,2 C쥜7찘 10
2,C쥜,7,11,2 C쥜7찘 11
2,C쥜,7,12,2 C쥜7찘 12
2,C쥜,7,13,2 C쥜7찘 13
2,D쥜,1,1,2 D쥜1찘 1
2,D쥜,1,2,2 D쥜1찘 2
2,D쥜,1,3,2 D쥜1찘 3
2,D쥜,1,4,2 D쥜1찘 4
2,D쥜,1,5,2 D쥜1찘 5
2,D쥜,1,6,2 D쥜1찘 6
2,D쥜,1,7,2 D쥜1찘 7
2,D쥜,1,8,2 D쥜1찘 8
2,D쥜,1,9,2 D쥜1찘 9
2,D쥜,2,1,2 D쥜2찘 1
2,D쥜,2,2,2 D쥜2찘 2
2,D쥜,2,3,2 D쥜2찘 3
2,D쥜,2,4,2 D쥜2찘 4
2,D쥜,2,5,2 D쥜2찘 5
2,D쥜,2,6,2 D쥜2찘 6
2,D쥜,2,7,2 D쥜2찘 7
2,D쥜,2,8,2 D쥜2찘 8
2,D쥜,2,9,2 D쥜2찘 9
2,D쥜,2,10,2 D쥜2찘 10
2,D쥜,3,1,2 D쥜3찘 1
2,D쥜,3,2,2 D쥜3찘 2
2,D쥜,3,3,2 D쥜3찘 3
2,D쥜,3,4,2 D쥜3찘 4
2,D쥜,3,5,2 D쥜3찘 5
2,D쥜,3,6,2 D쥜3찘 6
2,D쥜,3,7,2 D쥜3찘 7
2,D쥜,3,8,2 D쥜3찘 8
2,D쥜,3,9,2 D쥜3찘 9
2,D쥜,3,10,2 D쥜3찘 10
2,D쥜,3,11,2 D쥜3찘 11
2,D쥜,4,1,2 D쥜4찘 1
2,D쥜,4,2,2 D쥜4찘 2
2,D쥜,4,3,2 D쥜4찘 3
2,D쥜,4,4,2 D쥜4찘 4
2,D쥜,4,5,2 D쥜4찘 5
2,D쥜,4,6,2 D쥜4찘 6
2,D쥜,4,7,2 D쥜4찘 7
2,D쥜,4,8,2 D쥜4찘 8
2,D쥜,4,9,2 D쥜4찘 9
2,D쥜,4,10,2 D쥜4찘 10
2,D쥜,4,11,2 D쥜4찘 11
2,D쥜,5,1,2 D쥜5찘 1
2,D쥜,5,2,2 D쥜5찘 2
2,D쥜,5,3,2 D쥜5찘 3
2,D쥜,5,4,2 D쥜5찘 4
2,D쥜,5,5,2 D쥜5찘 5
2,D쥜,5,6,2 D쥜5찘 6
2,D쥜,5,7,2 D쥜5찘 7
2,D쥜,5,8,2 D쥜5찘 8
2,D쥜,5,9,2 D쥜5찘 9
2,D쥜,5,10,2 D쥜5찘 10
2,D쥜,5,11,2 D쥜5찘 11
2,D쥜,5,12,2 D쥜5찘 12
2,D쥜,6,1,2 D쥜6찘 1
2,D쥜,6,2,2 D쥜6찘 2
2,D쥜,6,3,2 D쥜6찘 3
2,D쥜,6,4,2 D쥜6찘 4
2,D쥜,6,5,2 D쥜6찘 5
2,D쥜,6,6,2 D쥜6찘 6
2,D쥜,6,7,2 D쥜6찘 7
2,D쥜,6,8,2 D쥜6찘 8
2,D쥜,6,9,2 D쥜6찘 9
2,D쥜,6,10,2 D쥜6찘 10
2,D쥜,6,11,2 D쥜6찘 11
2,D쥜,6,12,2 D쥜6찘 12
2,D쥜,6,13,2 D쥜6찘 13
2,D쥜,7,1,2 D쥜7찘 1
2,D쥜,7,2,2 D쥜7찘 2
2,D쥜,7,3,2 D쥜7찘 3
2,D쥜,7,4,2 D쥜7찘 4
2,D쥜,7,5,2 D쥜7찘 5
2,D쥜,7,6,2 D쥜7찘 6
2,D쥜,7,7,2 D쥜7찘 7
2,D쥜,7,8,2 D쥜7찘 8
2,D쥜,7,9,2 D쥜7찘 9
2,D쥜,7,10,2 D쥜7찘 10
2,D쥜,7,11,2 D쥜7찘 11
2,D쥜,7,12,2 D쥜7찘 12
2,D쥜,7,13,2 D쥜7찘 13
2,D쥜,7,14,2 D쥜7찘 14
2,D쥜,8,1,2 D쥜8찘 1
2,D쥜,8,2,2 D쥜8찘 2
2,D쥜,8,3,2 D쥜8찘 3
2,D쥜,8,4,2 D쥜8찘 4
2,E쥜,1,1,2 E쥜1찘 1
2,E쥜,1,2,2 E쥜1찘 2
2,E쥜,1,3,2 E쥜1찘 3
2,E쥜,1,4,2 E쥜1찘 4
2,E쥜,1,5,2 E쥜1찘 5
2,E쥜,1,6,2 E쥜1찘 6
2,E쥜,1,7,2 E쥜1찘 7
2,E쥜,1,8,2 E쥜1찘 8
2,E쥜,1,9,2 E쥜1찘 9
2,E쥜,1,10,2 E쥜1찘 10
2,E쥜,1,11,2 E쥜1찘 11
2,E쥜,1,12,2 E쥜1찘 12
2,E쥜,1,13,2 E쥜1찘 13
2,E쥜,1,14,2 E쥜1찘 14
2,E쥜,1,15,2 E쥜1찘 15
2,E쥜,1,16,2 E쥜1찘 16
2,E쥜,1,17,2 E쥜1찘 17
2,E쥜,2,1,2 E쥜2찘 1
2,E쥜,2,2,2 E쥜2찘 2
2,E쥜,2,3,2 E쥜2찘 3
2,E쥜,2,4,2 E쥜2찘 4
2,E쥜,2,5,2 E쥜2찘 5
2,E쥜,2,6,2 E쥜2찘 6
2,E쥜,2,7,2 E쥜2찘 7
2,E쥜,2,8,2 E쥜2찘 8
2,E쥜,2,9,2 E쥜2찘 9
2,E쥜,2,10,2 E쥜2찘 10
2,E쥜,2,11,2 E쥜2찘 11
2,E쥜,2,12,2 E쥜2찘 12
2,E쥜,2,13,2 E쥜2찘 13
2,E쥜,2,14,2 E쥜2찘 14
2,E쥜,2,15,2 E쥜2찘 15
2,E쥜,2,16,2 E쥜2찘 16
2,E쥜,2,17,2 E쥜2찘 17
2,E쥜,2,18,2 E쥜2찘 18
2,E쥜,3,1,2 E쥜3찘 1
2,E쥜,3,2,2 E쥜3찘 2
2,E쥜,3,3,2 E쥜3찘 3
2,E쥜,3,4,2 E쥜3찘 4
2,E쥜,3,5,2 E쥜3찘 5
2,E쥜,3,6,2 E쥜3찘 6
2,E쥜,3,7,2 E쥜3찘 7
2,E쥜,3,8,2 E쥜3찘 8
2,E쥜,3,9,2 E쥜3찘 9
2,E쥜,3,10,2 E쥜3찘 10
2,E쥜,3,11,2 E쥜3찘 11
2,E쥜,3,12,2 E쥜3찘 12
2,E쥜,3,13,2 E쥜3찘 13
2,E쥜,3,14,2 E쥜3찘 14
2,E쥜,3,15,2 E쥜3찘 15
2,E쥜,3,16,2 E쥜3찘 16
2,E쥜,3,17,2 E쥜3찘 17
2,E쥜,3,18,2 E쥜3찘 18
2,E쥜,4,1,2 E쥜4찘 1
2,E쥜,4,2,2 E쥜4찘 2
2,E쥜,4,3,2 E쥜4찘 3
2,E쥜,4,4,2 E쥜4찘 4
2,E쥜,4,5,2 E쥜4찘 5
2,E쥜,4,6,2 E쥜4찘 6
2,E쥜,4,7,2 E쥜4찘 7
2,E쥜,4,8,2 E쥜4찘 8
2,E쥜,4,9,2 E쥜4찘 9
2,E쥜,4,10,2 E쥜4찘 10
2,E쥜,4,11,2 E쥜4찘 11
2,E쥜,4,12,2 E쥜4찘 12
2,E쥜,4,13,2 E쥜4찘 13
2,E쥜,4,14,2 E쥜4찘 14
2,E쥜,4,15,2 E쥜4찘 15
2,E쥜,4,16,2 E쥜4찘 16
2,E쥜,4,17,2 E쥜4찘 17
2,E쥜,4,18,2 E쥜4찘 18
2,E쥜,4,19,2 E쥜4찘 19
2,E쥜,5,1,2 E쥜5찘 1
2,E쥜,5,2,2 E쥜5찘 2
2,E쥜,5,3,2 E쥜5찘 3
2,E쥜,5,4,2 E쥜5찘 4
2,E쥜,5,5,2 E쥜5찘 5
2,E쥜,5,6,2 E쥜5찘 6
2,E쥜,5,7,2 E쥜5찘 7
2,E쥜,5,8,2 E쥜5찘 8
2,E쥜,5,9,2 E쥜5찘 9
2,E쥜,5,10,2 E쥜5찘 10
2,E쥜,5,11,2 E쥜5찘 11
2,E쥜,5,12,2 E쥜5찘 12
2,E쥜,5,13,2 E쥜5찘 13
2,E쥜,5,14,2 E쥜5찘 14
2,E쥜,5,15,2 E쥜5찘 15
2,E쥜,5,16,2 E쥜5찘 16
2,E쥜,5,17,2 E쥜5찘 17
2,E쥜,5,18,2 E쥜5찘 18
2,E쥜,5,19,2 E쥜5찘 19
2,E쥜,5,20,2 E쥜5찘 20
2,E쥜,6,1,2 E쥜6찘 1
2,E쥜,6,2,2 E쥜6찘 2
2,E쥜,6,3,2 E쥜6찘 3
2,E쥜,6,4,2 E쥜6찘 4
2,E쥜,6,5,2 E쥜6찘 5
2,E쥜,6,6,2 E쥜6찘 6
2,E쥜,6,7,2 E쥜6찘 7
2,E쥜,6,8,2 E쥜6찘 8
2,E쥜,6,9,2 E쥜6찘 9
2,E쥜,6,10,2 E쥜6찘 10
2,E쥜,6,11,2 E쥜6찘 11
2,E쥜,6,12,2 E쥜6찘 12
2,E쥜,6,13,2 E쥜6찘 13
2,E쥜,6,14,2 E쥜6찘 14
2,E쥜,6,15,2 E쥜6찘 15
2,E쥜,6,16,2 E쥜6찘 16
2,E쥜,6,17,2 E쥜6찘 17
2,E쥜,6,18,2 E쥜6찘 18
2,E쥜,6,19,2 E쥜6찘 19
2,E쥜,7,1,2 E쥜7찘 1
2,E쥜,7,2,2 E쥜7찘 2
2,E쥜,7,3,2 E쥜7찘 3
2,E쥜,7,4,2 E쥜7찘 4
2,E쥜,7,5,2 E쥜7찘 5
2,E쥜,7,6,2 E쥜7찘 6
2,E쥜,7,7,2 E쥜7찘 7
2,E쥜,7,8,2 E쥜7찘 8
2,E쥜,7,9,2 E쥜7찘 9
2,E쥜,7,10,2 E쥜7찘 10
2,E쥜,7,11,2 E쥜7찘 11
2,E쥜,7,12,2 E쥜7찘 12
2,E쥜,7,13,2 E쥜7찘 13
2,E쥜,7,14,2 E쥜7찘 14
2,E쥜,7,15,2 E쥜7찘 15
2,E쥜,7,16,2 E쥜7찘 16
2,E쥜,8,1,2 E쥜8찘 1
2,E쥜,8,2,2 E쥜8찘 2
2,E쥜,8,3,2 E쥜8찘 3
2,E쥜,8,4,2 E쥜8찘 4
2,E쥜,8,5,2 E쥜8찘 5
2,E쥜,8,6,2 E쥜8찘 6
2,E쥜,8,7,2 E쥜8찘 7
2,E쥜,8,8,2 E쥜8찘 8
2,BOX1,쮲챻,1,2 BOX1 1
2,BOX1,쮲챻,2,2 BOX1 2
2,BOX1,쮲챻,3,2 BOX1 3
2,BOX1,쮲챻,4,2 BOX1 4
2,BOX1,쮲챻,5,2 BOX1 5
2,BOX1,쮲챻,6,2 BOX1 6
2,BOX2,쮲챻,1,2 BOX2 1
2,BOX2,쮲챻,2,2 BOX2 2
2,BOX2,쮲챻,3,2 BOX2 3
2,BOX2,쮲챻,4,2 BOX2 4
2,BOX2,쮲챻,5,2 BOX2 5
2,BOX2,쮲챻,6,2 BOX2 6
2,BOX2,쮲챻,7,2 BOX2 7
2,BOX2,쮲챻,8,2 BOX2 8
2,BOX3,쮲챻,1,2 BOX3 1
2,BOX3,쮲챻,2,2 BOX3 2
2,BOX3,쮲챻,3,2 BOX3 3
2,BOX3,쮲챻,4,2 BOX3 4
2,BOX3,쮲챻,5,2 BOX3 5
2,BOX3,쮲챻,6,2 BOX3 6
2,BOX3,쮲챻,7,2 BOX3 7
2,BOX3,쮲챻,8,2 BOX3 8
2,BOX3,쮲챻,9,2 BOX3 9
2,BOX3,쮲챻,10,2 BOX3 10
2,BOX4,쮲챻,1,2 BOX4 1
2,BOX4,쮲챻,2,2 BOX4 2
2,BOX4,쮲챻,3,2 BOX4 3
2,BOX4,쮲챻,4,2 BOX4 4
2,BOX4,쮲챻,5,2 BOX4 5
2,BOX4,쮲챻,6,2 BOX4 6
2,BOX4,쮲챻,7,2 BOX4 7
2,BOX4,쮲챻,8,2 BOX4 8
2,BOX4,쮲챻,9,2 BOX4 9
2,BOX4,쮲챻,10,2 BOX4 10
2,BOX5,쮲챻,1,2 BOX5 1
2,BOX5,쮲챻,2,2 BOX5 2
2,BOX5,쮲챻,3,2 BOX5 3
2,BOX5,쮲챻,4,2 BOX5 4
2,BOX5,쮲챻,5,2 BOX5 5
2,BOX5,쮲챻,6,2 BOX5 6
2,BOX5,쮲챻,7,2 BOX5 7
2,BOX5,쮲챻,8,2 BOX5 8
2,BOX6,쮲챻,1,2 BOX6 1
2,BOX6,쮲챻,2,2 BOX6 2
2,BOX6,쮲챻,3,2 BOX6 3
2,BOX6,쮲챻,4,2 BOX6 4
2,BOX6,쮲챻,5,2 BOX6 5
2,BOX6,쮲챻,6,2 BOX6 6
3,A쥜,1,1,3 A쥜1찘 1
3,A쥜,1,2,3 A쥜1찘 2
3,A쥜,1,3,3 A쥜1찘 3
3,A쥜,1,4,3 A쥜1찘 4
3,A쥜,1,5,3 A쥜1찘 5
3,A쥜,2,1,3 A쥜2찘 1
3,A쥜,2,2,3 A쥜2찘 2
3,A쥜,2,3,3 A쥜2찘 3
3,A쥜,2,4,3 A쥜2찘 4
3,A쥜,2,5,3 A쥜2찘 5
3,A쥜,3,1,3 A쥜3찘 1
3,A쥜,3,2,3 A쥜3찘 2
3,A쥜,3,3,3 A쥜3찘 3
3,A쥜,3,4,3 A쥜3찘 4
3,A쥜,3,5,3 A쥜3찘 5
3,A쥜,3,6,3 A쥜3찘 6
3,A쥜,4,1,3 A쥜4찘 1
3,A쥜,4,2,3 A쥜4찘 2
3,A쥜,4,3,3 A쥜4찘 3
3,A쥜,4,4,3 A쥜4찘 4
3,A쥜,4,5,3 A쥜4찘 5
3,A쥜,4,6,3 A쥜4찘 6
3,A쥜,4,7,3 A쥜4찘 7
3,A쥜,4,8,3 A쥜4찘 8
3,A쥜,4,9,3 A쥜4찘 9
3,A쥜,4,10,3 A쥜4찘 10
3,A쥜,4,11,3 A쥜4찘 11
3,A쥜,4,12,3 A쥜4찘 12
3,A쥜,4,13,3 A쥜4찘 13
3,A쥜,4,14,3 A쥜4찘 14
3,A쥜,5,1,3 A쥜5찘 1
3,A쥜,5,2,3 A쥜5찘 2
3,A쥜,5,3,3 A쥜5찘 3
3,A쥜,5,4,3 A쥜5찘 4
3,A쥜,5,5,3 A쥜5찘 5
3,A쥜,5,6,3 A쥜5찘 6
3,A쥜,5,7,3 A쥜5찘 7
3,A쥜,5,8,3 A쥜5찘 8
3,A쥜,5,9,3 A쥜5찘 9
3,A쥜,5,10,3 A쥜5찘 10
3,A쥜,5,11,3 A쥜5찘 11
3,A쥜,5,12,3 A쥜5찘 12
3,A쥜,6,1,3 A쥜6찘 1
3,A쥜,6,2,3 A쥜6찘 2
3,A쥜,6,3,3 A쥜6찘 3
3,A쥜,6,4,3 A쥜6찘 4
3,A쥜,6,5,3 A쥜6찘 5
3,A쥜,6,6,3 A쥜6찘 6
3,A쥜,6,7,3 A쥜6찘 7
3,A쥜,6,8,3 A쥜6찘 8
3,A쥜,6,9,3 A쥜6찘 9
3,A쥜,7,1,3 A쥜7찘 1
3,A쥜,7,2,3 A쥜7찘 2
3,A쥜,7,3,3 A쥜7찘 3
3,A쥜,7,4,3 A쥜7찘 4
3,A쥜,7,5,3 A쥜7찘 5
3,B쥜,4,1,3 B쥜4찘 1
3,B쥜,4,2,3 B쥜4찘 2
3,B쥜,4,3,3 B쥜4찘 3
3,B쥜,4,4,3 B쥜4찘 4
3,B쥜,4,5,3 B쥜4찘 5
3,B쥜,4,6,3 B쥜4찘 6
3,B쥜,4,7,3 B쥜4찘 7
3,B쥜,5,1,3 B쥜5찘 1
3,B쥜,5,2,3 B쥜5찘 2
3,B쥜,5,3,3 B쥜5찘 3
3,B쥜,5,4,3 B쥜5찘 4
3,B쥜,5,5,3 B쥜5찘 5
3,B쥜,5,6,3 B쥜5찘 6
3,B쥜,5,7,3 B쥜5찘 7
3,B쥜,6,1,3 B쥜6찘 1
3,B쥜,6,2,3 B쥜6찘 2
3,B쥜,6,3,3 B쥜6찘 3
3,B쥜,6,4,3 B쥜6찘 4
3,B쥜,6,5,3 B쥜6찘 5
3,B쥜,6,6,3 B쥜6찘 6
3,B쥜,6,7,3 B쥜6찘 7
3,B쥜,6,8,3 B쥜6찘 8
3,B쥜,7,1,3 B쥜7찘 1
3,B쥜,7,2,3 B쥜7찘 2
3,B쥜,7,3,3 B쥜7찘 3
3,B쥜,7,4,3 B쥜7찘 4
3,B쥜,7,5,3 B쥜7찘 5
3,B쥜,7,6,3 B쥜7찘 6
3,B쥜,7,7,3 B쥜7찘 7
3,B쥜,7,8,3 B쥜7찘 8
3,B쥜,7,9,3 B쥜7찘 9
3,C쥜,4,1,3 C쥜4찘 1
3,C쥜,4,2,3 C쥜4찘 2
3,C쥜,4,3,3 C쥜4찘 3
3,C쥜,4,4,3 C쥜4찘 4
3,C쥜,4,5,3 C쥜4찘 5
3,C쥜,4,6,3 C쥜4찘 6
3,C쥜,4,7,3 C쥜4찘 7
3,C쥜,4,8,3 C쥜4찘 8
3,C쥜,4,9,3 C쥜4찘 9
3,C쥜,4,10,3 C쥜4찘 10
3,C쥜,5,1,3 C쥜5찘 1
3,C쥜,5,2,3 C쥜5찘 2
3,C쥜,5,3,3 C쥜5찘 3
3,C쥜,5,4,3 C쥜5찘 4
3,C쥜,5,5,3 C쥜5찘 5
3,C쥜,5,6,3 C쥜5찘 6
3,C쥜,5,7,3 C쥜5찘 7
3,C쥜,5,8,3 C쥜5찘 8
3,C쥜,5,9,3 C쥜5찘 9
3,C쥜,5,10,3 C쥜5찘 10
3,C쥜,5,11,3 C쥜5찘 11
3,C쥜,6,1,3 C쥜6찘 1
3,C쥜,6,2,3 C쥜6찘 2
3,C쥜,6,3,3 C쥜6찘 3
3,C쥜,6,4,3 C쥜6찘 4
3,C쥜,6,5,3 C쥜6찘 5
3,C쥜,6,6,3 C쥜6찘 6
3,C쥜,6,7,3 C쥜6찘 7
3,C쥜,6,8,3 C쥜6찘 8
3,C쥜,6,9,3 C쥜6찘 9
3,C쥜,6,10,3 C쥜6찘 10
3,C쥜,6,11,3 C쥜6찘 11
3,C쥜,6,12,3 C쥜6찘 12
3,C쥜,7,1,3 C쥜7찘 1
3,C쥜,7,2,3 C쥜7찘 2
3,C쥜,7,3,3 C쥜7찘 3
3,C쥜,7,4,3 C쥜7찘 4
3,C쥜,7,5,3 C쥜7찘 5
3,C쥜,7,6,3 C쥜7찘 6
3,C쥜,7,7,3 C쥜7찘 7
3,C쥜,7,8,3 C쥜7찘 8
3,C쥜,7,9,3 C쥜7찘 9
3,C쥜,7,10,3 C쥜7찘 10
3,C쥜,7,11,3 C쥜7찘 11
3,C쥜,7,12,3 C쥜7찘 12
3,C쥜,7,13,3 C쥜7찘 13
3,D쥜,4,1,3 D쥜4찘 1
3,D쥜,4,2,3 D쥜4찘 2
3,D쥜,4,3,3 D쥜4찘 3
3,D쥜,4,4,3 D쥜4찘 4
3,D쥜,4,5,3 D쥜4찘 5
3,D쥜,4,6,3 D쥜4찘 6
3,D쥜,4,7,3 D쥜4찘 7
3,D쥜,4,8,3 D쥜4찘 8
3,D쥜,4,9,3 D쥜4찘 9
3,D쥜,4,10,3 D쥜4찘 10
3,D쥜,4,11,3 D쥜4찘 11
3,D쥜,4,12,3 D쥜4찘 12
3,D쥜,5,1,3 D쥜5찘 1
3,D쥜,5,2,3 D쥜5찘 2
3,D쥜,5,3,3 D쥜5찘 3
3,D쥜,5,4,3 D쥜5찘 4
3,D쥜,5,5,3 D쥜5찘 5
3,D쥜,5,6,3 D쥜5찘 6
3,D쥜,5,7,3 D쥜5찘 7
3,D쥜,5,8,3 D쥜5찘 8
3,D쥜,5,9,3 D쥜5찘 9
3,D쥜,5,10,3 D쥜5찘 10
3,D쥜,5,11,3 D쥜5찘 11
3,D쥜,5,12,3 D쥜5찘 12
3,D쥜,6,1,3 D쥜6찘 1
3,D쥜,6,2,3 D쥜6찘 2
3,D쥜,6,3,3 D쥜6찘 3
3,D쥜,6,4,3 D쥜6찘 4
3,D쥜,6,5,3 D쥜6찘 5
3,D쥜,6,6,3 D쥜6찘 6
3,D쥜,6,7,3 D쥜6찘 7
3,D쥜,6,8,3 D쥜6찘 8
3,D쥜,6,9,3 D쥜6찘 9
3,D쥜,6,10,3 D쥜6찘 10
3,D쥜,6,11,3 D쥜6찘 11
3,D쥜,6,12,3 D쥜6찘 12
3,D쥜,7,1,3 D쥜7찘 1
3,D쥜,7,2,3 D쥜7찘 2
3,D쥜,7,3,3 D쥜7찘 3
3,D쥜,7,4,3 D쥜7찘 4
3,D쥜,7,5,3 D쥜7찘 5
3,D쥜,7,6,3 D쥜7찘 6
3,D쥜,7,7,3 D쥜7찘 7
3,D쥜,7,8,3 D쥜7찘 8
3,D쥜,7,9,3 D쥜7찘 9
3,D쥜,7,10,3 D쥜7찘 10
3,D쥜,7,11,3 D쥜7찘 11
3,D쥜,7,12,3 D쥜7찘 12
3,D쥜,7,13,3 D쥜7찘 13
3,E쥜,4,1,3 E쥜4찘 1
3,E쥜,4,2,3 E쥜4찘 2
3,E쥜,4,3,3 E쥜4찘 3
3,E쥜,4,4,3 E쥜4찘 4
3,E쥜,4,5,3 E쥜4찘 5
3,E쥜,4,6,3 E쥜4찘 6
3,E쥜,4,7,3 E쥜4찘 7
3,E쥜,4,8,3 E쥜4찘 8
3,E쥜,4,9,3 E쥜4찘 9
3,E쥜,4,10,3 E쥜4찘 10
3,E쥜,5,1,3 E쥜5찘 1
3,E쥜,5,2,3 E쥜5찘 2
3,E쥜,5,3,3 E쥜5찘 3
3,E쥜,5,4,3 E쥜5찘 4
3,E쥜,5,5,3 E쥜5찘 5
3,E쥜,5,6,3 E쥜5찘 6
3,E쥜,5,7,3 E쥜5찘 7
3,E쥜,5,8,3 E쥜5찘 8
3,E쥜,5,9,3 E쥜5찘 9
3,E쥜,5,10,3 E쥜5찘 10
3,E쥜,5,11,3 E쥜5찘 11
3,E쥜,6,1,3 E쥜6찘 1
3,E쥜,6,2,3 E쥜6찘 2
3,E쥜,6,3,3 E쥜6찘 3
3,E쥜,6,4,3 E쥜6찘 4
3,E쥜,6,5,3 E쥜6찘 5
3,E쥜,6,6,3 E쥜6찘 6
3,E쥜,6,7,3 E쥜6찘 7
3,E쥜,6,8,3 E쥜6찘 8
3,E쥜,6,9,3 E쥜6찘 9
3,E쥜,6,10,3 E쥜6찘 10
3,E쥜,6,11,3 E쥜6찘 11
3,E쥜,6,12,3 E쥜6찘 12
3,E쥜,7,1,3 E쥜7찘 1
3,E쥜,7,2,3 E쥜7찘 2
3,E쥜,7,3,3 E쥜7찘 3
3,E쥜,7,4,3 E쥜7찘 4
3,E쥜,7,5,3 E쥜7찘 5
3,E쥜,7,6,3 E쥜7찘 6
3,E쥜,7,7,3 E쥜7찘 7
3,E쥜,7,8,3 E쥜7찘 8
3,E쥜,7,9,3 E쥜7찘 9
3,E쥜,7,10,3 E쥜7찘 10
3,E쥜,7,11,3 E쥜7찘 11
3,E쥜,7,12,3 E쥜7찘 12
3,E쥜,7,13,3 E쥜7찘 13
3,F쥜,4,1,3 F쥜4찘 1
3,F쥜,4,2,3 F쥜4찘 2
3,F쥜,4,3,3 F쥜4찘 3
3,F쥜,4,4,3 F쥜4찘 4
3,F쥜,4,5,3 F쥜4찘 5
3,F쥜,4,6,3 F쥜4찘 6
3,F쥜,4,7,3 F쥜4찘 7
3,F쥜,5,1,3 F쥜5찘 1
3,F쥜,5,2,3 F쥜5찘 2
3,F쥜,5,3,3 F쥜5찘 3
3,F쥜,5,4,3 F쥜5찘 4
3,F쥜,5,5,3 F쥜5찘 5
3,F쥜,5,6,3 F쥜5찘 6
3,F쥜,5,7,3 F쥜5찘 7
3,F쥜,6,1,3 F쥜6찘 1
3,F쥜,6,2,3 F쥜6찘 2
3,F쥜,6,3,3 F쥜6찘 3
3,F쥜,6,4,3 F쥜6찘 4
3,F쥜,6,5,3 F쥜6찘 5
3,F쥜,6,6,3 F쥜6찘 6
3,F쥜,6,7,3 F쥜6찘 7
3,F쥜,6,8,3 F쥜6찘 8
3,F쥜,7,1,3 F쥜7찘 1
3,F쥜,7,2,3 F쥜7찘 2
3,F쥜,7,3,3 F쥜7찘 3
3,F쥜,7,4,3 F쥜7찘 4
3,F쥜,7,5,3 F쥜7찘 5
3,F쥜,7,6,3 F쥜7찘 6
3,F쥜,7,7,3 F쥜7찘 7
3,F쥜,7,8,3 F쥜7찘 8
3,F쥜,7,9,3 F쥜7찘 9
3,G쥜,1,1,3 G쥜1찘 1
3,G쥜,1,2,3 G쥜1찘 2
3,G쥜,1,3,3 G쥜1찘 3
3,G쥜,1,4,3 G쥜1찘 4
3,G쥜,1,5,3 G쥜1찘 5
3,G쥜,2,1,3 G쥜2찘 1
3,G쥜,2,2,3 G쥜2찘 2
3,G쥜,2,3,3 G쥜2찘 3
3,G쥜,2,4,3 G쥜2찘 4
3,G쥜,2,5,3 G쥜2찘 5
3,G쥜,3,1,3 G쥜3찘 1
3,G쥜,3,2,3 G쥜3찘 2
3,G쥜,3,3,3 G쥜3찘 3
3,G쥜,3,4,3 G쥜3찘 4
3,G쥜,3,5,3 G쥜3찘 5
3,G쥜,3,6,3 G쥜3찘 6
3,G쥜,4,1,3 G쥜4찘 1
3,G쥜,4,2,3 G쥜4찘 2
3,G쥜,4,3,3 G쥜4찘 3
3,G쥜,4,4,3 G쥜4찘 4
3,G쥜,4,5,3 G쥜4찘 5
3,G쥜,4,6,3 G쥜4찘 6
3,G쥜,4,7,3 G쥜4찘 7
3,G쥜,4,8,3 G쥜4찘 8
3,G쥜,4,9,3 G쥜4찘 9
3,G쥜,4,10,3 G쥜4찘 10
3,G쥜,4,11,3 G쥜4찘 11
3,G쥜,4,12,3 G쥜4찘 12
3,G쥜,4,13,3 G쥜4찘 13
3,G쥜,4,14,3 G쥜4찘 14
3,G쥜,5,1,3 G쥜5찘 1
3,G쥜,5,2,3 G쥜5찘 2
3,G쥜,5,3,3 G쥜5찘 3
3,G쥜,5,4,3 G쥜5찘 4
3,G쥜,5,5,3 G쥜5찘 5
3,G쥜,5,6,3 G쥜5찘 6
3,G쥜,5,7,3 G쥜5찘 7
3,G쥜,5,8,3 G쥜5찘 8
3,G쥜,5,9,3 G쥜5찘 9
3,G쥜,5,10,3 G쥜5찘 10
3,G쥜,5,11,3 G쥜5찘 11
3,G쥜,5,12,3 G쥜5찘 12
3,G쥜,6,1,3 G쥜6찘 1
3,G쥜,6,2,3 G쥜6찘 2
3,G쥜,6,3,3 G쥜6찘 3
3,G쥜,6,4,3 G쥜6찘 4
3,G쥜,6,5,3 G쥜6찘 5
3,G쥜,6,6,3 G쥜6찘 6
3,G쥜,6,7,3 G쥜6찘 7
3,G쥜,6,8,3 G쥜6찘 8
3,G쥜,6,9,3 G쥜6찘 9
3,G쥜,7,1,3 G쥜7찘 1
3,G쥜,7,2,3 G쥜7찘 2
3,G쥜,7,3,3 G쥜7찘 3
3,G쥜,7,4,3 G쥜7찘 4
3,G쥜,7,5,3 G쥜7찘 5
3,M쥜,1,1,3 M쥜1찘 1
3,M쥜,1,2,3 M쥜1찘 2
3,M쥜,1,3,3 M쥜1찘 3
3,M쥜,1,4,3 M쥜1찘 4
3,M쥜,1,5,3 M쥜1찘 5
3,M쥜,1,6,3 M쥜1찘 6
3,M쥜,1,7,3 M쥜1찘 7
3,M쥜,1,8,3 M쥜1찘 8
3,M쥜,1,9,3 M쥜1찘 9
3,M쥜,1,10,3 M쥜1찘 10
3,M쥜,1,11,3 M쥜1찘 11
3,M쥜,1,12,3 M쥜1찘 12
3,M쥜,1,13,3 M쥜1찘 13
3,M쥜,1,14,3 M쥜1찘 14
3,M쥜,1,15,3 M쥜1찘 15
3,M쥜,2,1,3 M쥜2찘 1
3,M쥜,2,2,3 M쥜2찘 2
3,M쥜,2,3,3 M쥜2찘 3
3,M쥜,2,4,3 M쥜2찘 4
3,M쥜,2,5,3 M쥜2찘 5
3,M쥜,2,6,3 M쥜2찘 6
3,M쥜,2,7,3 M쥜2찘 7
3,M쥜,2,8,3 M쥜2찘 8
3,M쥜,2,9,3 M쥜2찘 9
3,M쥜,2,10,3 M쥜2찘 10
3,M쥜,2,11,3 M쥜2찘 11
3,M쥜,2,12,3 M쥜2찘 12
3,M쥜,2,13,3 M쥜2찘 13
3,M쥜,2,14,3 M쥜2찘 14
3,M쥜,2,15,3 M쥜2찘 15
3,N쥜,1,1,3 N쥜1찘 1
3,N쥜,1,2,3 N쥜1찘 2
3,N쥜,1,3,3 N쥜1찘 3
3,N쥜,1,4,3 N쥜1찘 4
3,N쥜,1,5,3 N쥜1찘 5
3,N쥜,1,6,3 N쥜1찘 6
3,N쥜,1,7,3 N쥜1찘 7
3,N쥜,1,8,3 N쥜1찘 8
3,N쥜,1,9,3 N쥜1찘 9
3,N쥜,1,10,3 N쥜1찘 10
3,N쥜,1,11,3 N쥜1찘 11
3,N쥜,1,12,3 N쥜1찘 12
3,N쥜,1,13,3 N쥜1찘 13
3,N쥜,1,14,3 N쥜1찘 14
3,N쥜,1,15,3 N쥜1찘 15
3,N쥜,2,1,3 N쥜2찘 1
3,N쥜,2,2,3 N쥜2찘 2
3,N쥜,2,3,3 N쥜2찘 3
3,N쥜,2,4,3 N쥜2찘 4
3,N쥜,2,5,3 N쥜2찘 5
3,N쥜,2,6,3 N쥜2찘 6
3,N쥜,2,7,3 N쥜2찘 7
3,N쥜,2,8,3 N쥜2찘 8
3,N쥜,2,9,3 N쥜2찘 9
3,N쥜,2,10,3 N쥜2찘 10
3,N쥜,2,11,3 N쥜2찘 11
3,N쥜,2,12,3 N쥜2찘 12
3,N쥜,2,13,3 N쥜2찘 13
3,N쥜,2,14,3 N쥜2찘 14
3,N쥜,2,15,3 N쥜2찘 15
3,BOX7,쮲챻,1,3 BOX7 1
3,BOX7,쮲챻,2,3 BOX7 2
3,BOX7,쮲챻,3,3 BOX7 3
3,BOX7,쮲챻,4,3 BOX7 4
3,BOX7,쮲챻,5,3 BOX7 5
3,BOX7,쮲챻,6,3 BOX7 6
3,BOX8,쮲챻,1,3 BOX8 1
3,BOX8,쮲챻,2,3 BOX8 2
3,BOX8,쮲챻,3,3 BOX8 3
3,BOX8,쮲챻,4,3 BOX8 4
3,BOX8,쮲챻,5,3 BOX8 5
3,BOX8,쮲챻,6,3 BOX8 6
3,BOX8,쮲챻,7,3 BOX8 7
3,BOX8,쮲챻,8,3 BOX8 8
3,BOX8,쮲챻,9,3 BOX8 9
3,BOX9,쮲챻,1,3 BOX9 1
3,BOX9,쮲챻,2,3 BOX9 2
3,BOX9,쮲챻,3,3 BOX9 3
3,BOX9,쮲챻,4,3 BOX9 4
3,BOX9,쮲챻,5,3 BOX9 5
3,BOX9,쮲챻,6,3 BOX9 6
3,BOX9,쮲챻,7,3 BOX9 7
3,BOX9,쮲챻,8,3 BOX9 8
3,BOX9,쮲챻,9,3 BOX9 9
3,BOX9,쮲챻,10,3 BOX9 10
3,BOX9,쮲챻,11,3 BOX9 11
3,BOX9,쮲챻,12,3 BOX9 12
3,BOX10,쮲챻,1,3 BOX10 1
3,BOX10,쮲챻,2,3 BOX10 2
3,BOX10,쮲챻,3,3 BOX10 3
3,BOX10,쮲챻,4,3 BOX10 4
3,BOX10,쮲챻,5,3 BOX10 5
3,BOX10,쮲챻,6,3 BOX10 6
3,BOX10,쮲챻,7,3 BOX10 7
3,BOX10,쮲챻,8,3 BOX10 8
3,BOX10,쮲챻,9,3 BOX10 9
3,BOX10,쮲챻,10,3 BOX10 10
3,BOX10,쮲챻,11,3 BOX10 11
3,BOX10,쮲챻,12,3 BOX10 12
3,BOX11,쮲챻,1,3 BOX11 1
3,BOX11,쮲챻,2,3 BOX11 2
3,BOX11,쮲챻,3,3 BOX11 3
3,BOX11,쮲챻,4,3 BOX11 4
3,BOX11,쮲챻,5,3 BOX11 5
3,BOX11,쮲챻,6,3 BOX11 6
3,BOX11,쮲챻,7,3 BOX11 7
3,BOX11,쮲챻,8,3 BOX11 8
3,BOX11,쮲챻,9,3 BOX11 9
3,BOX12,쮲챻,1,3 BOX12 1
3,BOX12,쮲챻,2,3 BOX12 2
3,BOX12,쮲챻,3,3 BOX12 3
3,BOX12,쮲챻,4,3 BOX12 4
3,BOX12,쮲챻,5,3 BOX12 5
3,BOX12,쮲챻,6,3 BOX12 6
